Workbook

Sheet Perhitungan
A1: Obligasi | B1: FR0065 | C1: FR0068 | D1: FR0072
A2: Coupon | B2: 0.06625 | C2: 0.08375 | D2: 0.0825
A3: Periode Pemberian | B3: 2 | C3: 2 | D3: 2
A4: Yield Bid | B4: 0.0693 | C4: 0.0694 | D4: 0.0697
A5: Harga Beli | B5: 0.9835 | C5: 1.085 | D5: 1.091
A6: Dikeluarkan | B6: 41151 | C6: 41487 | D6: 42194
A7: Jatuh Tempo | B7: 48714 | C7: 49018 | D7: 49810
A8: Harga (FV) | B8: 1000000 | C8: 1000000 | D8: 1000000
A9: Sisa Tenor | B9: 7 | C9: 7.8 | D9: 10
A10: Harga (PV) | B10: =B8*B5 -> 983500 | C10: =C8*C5 -> 1085000 | D10: =D8*D5 -> 1091000
A11: YTM | B11: 0.0668 | C11: 0.0675 | D11: 0.0679
A14: FR0065 | F14: FR0068 | K14: FR0072
A15: Kupon p.a | B15: =B8*B2 -> 66250 | F15: Kupon p.a | G15: =C8*C2 -> 83750 | K15: Kupon p.a | L15: =D8*D2 -> 82500
A16: Kupon tiap periode | B16: =B15/2 -> 33125 | F16: Kupon tiap periode | G16: =G15/2 -> 41875 | K16: Kupon tiap periode | L16: =L15/2 -> 41250
A17: YTM periode | B17: =B11 -> 0.0668 | F17: YTM periode | G17: =C11 -> 0.0675 | K17: YTM periode | L17: =D11 -> 0.0679
A18: Sisa periode | B18: =B9 -> 7 | F18: Sisa periode | G18: =C9 -> 7.8 | K18: Sisa periode | L18: =D9 -> 10
A19: Jumlah Pembayaran | B19: =B18*2 -> 14 | F19: Jumlah Pembayaran | G19: =G18*2 -> 15.6 | K19: Jumlah Pembayaran | L19: =L18*2 -> 20
A22: Periode (t) | B22: Cash Flow | C22: PV | D22: Total | F22: Periode (t) | G22: Cash Flow | H22: PV | I22: Total | K22: Periode (t) | L22: Cash Flow | M22: PV | N22: Total
A23: 1 | B23: =$B$16 -> 33125 | C23: =B23/((1+$B$17)^A23) -> 31050.806 | D23: =A23*C23 -> 31050.806 | F23: 1 | G23: =$G$16 -> 41875 | H23: =G23/(1+$G$17)^F23 -> 39227.166 | I23: =F23*H23 -> 39227.166 | K23: 1 | L23: =$L$16 -> 41250 | M23: =L23/(1+$L$17)^K23 -> 38627.212 | N23: =K23*M23 -> 38627.212 | Q23: Rata Rata Tahunan | R23: =AVERAGE(D39,I41,N45) -> 5.7852054
A24: 2 | B24: =$B$16 -> 33125 | C24: =B24/((1+$B$17)^A24) -> 29106.492 | D24: =A24*C24 -> 58212.985 | F24: 2 | G24: =$G$16 -> 41875 | H24: =G24/(1+$G$17)^F24 -> 36746.76 | I24: =F24*H24 -> 73493.52 | K24: 2 | L24: =$L$16 -> 41250 | M24: =L24/(1+$L$17)^K24 -> 36171.189 | N24: =K24*M24 -> 72342.377
A25: 3 | B25: =$B$16 -> 33125 | C25: =B25/((1+$B$17)^A25) -> 27283.926 | D25: =A25*C25 -> 81851.779 | F25: 3 | G25: =$G$16 -> 41875 | H25: =G25/(1+$G$17)^F25 -> 34423.194 | I25: =F25*H25 -> 103269.58 | K25: 3 | L25: =$L$16 -> 41250 | M25: =L25/(1+$L$17)^K25 -> 33871.326 | N25: =K25*M25 -> 101613.98
A26: 4 | B26: =$B$16 -> 33125 | C26: =B26/((1+$B$17)^A26) -> 25575.484 | D26: =A26*C26 -> 102301.94 | F26: 4 | G26: =$G$16 -> 41875 | H26: =G26/(1+$G$17)^F26 -> 32246.552 | I26: =F26*H26 -> 128986.21 | K26: 4 | L26: =$L$16 -> 41250 | M26: =L26/(1+$L$17)^K26 -> 31717.694 | N26: =K26*M26 -> 126870.78
A27: 5 | B27: =$B$16 -> 33125 | C27: =B27/((1+$B$17)^A27) -> 23974.019 | D27: =A27*C27 -> 119870.1 | F27: 5 | G27: =$G$16 -> 41875 | H27: =G27/(1+$G$17)^F27 -> 30207.543 | I27: =F27*H27 -> 151037.71 | K27: 5 | L27: =$L$16 -> 41250 | M27: =L27/(1+$L$17)^K27 -> 29700.996 | N27: =K27*M27 -> 148504.98
A28: 6 | B28: =$B$16 -> 33125 | C28: =B28/((1+$B$17)^A28) -> 22472.834 | D28: =A28*C28 -> 134837 | F28: 6 | G28: =$G$16 -> 41875 | H28: =G28/(1+$G$17)^F28 -> 28297.464 | I28: =F28*H28 -> 169784.78 | K28: 6 | L28: =$L$16 -> 41250 | M28: =L28/(1+$L$17)^K28 -> 27812.526 | N28: =K28*M28 -> 166875.16
A29: 7 | B29: =$B$16 -> 33125 | C29: =B29/((1+$B$17)^A29) -> 21065.649 | D29: =A29*C29 -> 147459.54 | F29: 7 | G29: =$G$16 -> 41875 | H29: =G29/(1+$G$17)^F29 -> 26508.163 | I29: =F29*H29 -> 185557.14 | K29: 7 | L29: =$L$16 -> 41250 | M29: =L29/(1+$L$17)^K29 -> 26044.13 | N29: =K29*M29 -> 182308.91
A30: 8 | B30: =$B$16 -> 33125 | C30: =B30/((1+$B$17)^A30) -> 19746.577 | D30: =A30*C30 -> 157972.62 | F30: 8 | G30: =$G$16 -> 41875 | H30: =G30/(1+$G$17)^F30 -> 24832.003 | I30: =F30*H30 -> 198656.02 | K30: 8 | L30: =$L$16 -> 41250 | M30: =L30/(1+$L$17)^K30 -> 24388.173 | N30: =K30*M30 -> 195105.38
A31: 9 | B31: =$B$16 -> 33125 | C31: =B31/((1+$B$17)^A31) -> 18510.103 | D31: =A31*C31 -> 166590.92 | F31: 9 | G31: =$G$16 -> 41875 | H31: =G31/(1+$G$17)^F31 -> 23261.829 | I31: =F31*H31 -> 209356.46 | K31: 9 | L31: =$L$16 -> 41250 | M31: =L31/(1+$L$17)^K31 -> 22837.506 | N31: =K31*M31 -> 205537.55
A32: 10 | B32: =$B$16 -> 33125 | C32: =B32/((1+$B$17)^A32) -> 17351.052 | D32: =A32*C32 -> 173510.52 | F32: 10 | G32: =$G$16 -> 41875 | H32: =G32/(1+$G$17)^F32 -> 21790.941 | I32: =F32*H32 -> 217909.41 | K32: 10 | L32: =$L$16 -> 41250 | M32: =L32/(1+$L$17)^K32 -> 21385.435 | N32: =K32*M32 -> 213854.35
A33: 11 | B33: =$B$16 -> 33125 | C33: =B33/((1+$B$17)^A33) -> 16264.578 | D33: =A33*C33 -> 178910.36 | F33: 11 | G33: =$G$16 -> 41875 | H33: =G33/(1+$G$17)^F33 -> 20413.059 | I33: =F33*H33 -> 224543.65 | K33: 11 | L33: =$L$16 -> 41250 | M33: =L33/(1+$L$17)^K33 -> 20025.691 | N33: =K33*M33 -> 220282.6
A34: 12 | B34: =$B$16 -> 33125 | C34: =B34/((1+$B$17)^A34) -> 15246.136 | D34: =A34*C34 -> 182953.64 | F34: 12 | G34: =$G$16 -> 41875 | H34: =G34/(1+$G$17)^F34 -> 19122.304 | I34: =F34*H34 -> 229467.65 | K34: 12 | L34: =$L$16 -> 41250 | M34: =L34/(1+$L$17)^K34 -> 18752.402 | N34: =K34*M34 -> 225028.83
A35: 13 | B35: =$B$16 -> 33125 | C35: =B35/((1+$B$17)^A35) -> 14291.467 | D35: =A35*C35 -> 185789.06 | F35: 13 | G35: =$G$16 -> 41875 | H35: =G35/(1+$G$17)^F35 -> 17913.165 | I35: =F35*H35 -> 232871.15 | K35: 13 | L35: =$L$16 -> 41250 | M35: =L35/(1+$L$17)^K35 -> 17560.073 | N35: =K35*M35 -> 228280.95
A36: 14 | B36: =$B$16+B8 -> 1033125 | C36: =B36/((1+$B$17)^A36) -> 417821.49 | D36: =A36*C36 -> 5849500.8 | F36: 14 | G36: =$G$16 -> 41875 | H36: =G36/(1+$G$17)^F36 -> 16780.483 | I36: =F36*H36 -> 234926.76 | K36: 14 | L36: =$L$16 -> 41250 | M36: =L36/(1+$L$17)^K36 -> 16443.556 | N36: =K36*M36 -> 230209.78
C37: =SUM(C23:C36) -> 699760.61 | D37: =SUM(D23:D36) -> 7570812.1 | F37: 15 | G37: =$G$16 -> 41875 | H37: =G37/(1+$G$17)^F37 -> 15719.422 | I37: =F37*H37 -> 235791.33 | K37: 15 | L37: =$L$16 -> 41250 | M37: =L37/(1+$L$17)^K37 -> 15398.03 | N37: =K37*M37 -> 230970.45
C38: Durasi | D38: =D37/C37 -> 10.819146 | F38: 15.6 | G38: =$G$16+C8 -> 1041875 | H38: =G38/(1+$G$17)^F38 -> 376076.88 | I38: =F38*H38 -> 5866799.3 | K38: 16 | L38: =$L$16 -> 41250 | M38: =L38/(1+$L$17)^K38 -> 14418.981 | N38: =K38*M38 -> 230703.7
D39: =D38/2 -> 5.4095729 | H39: =SUM(H23:H38) -> 763566.93 | I39: =SUM(I23:I38) -> 8501677.8 | K39: 17 | L39: =$L$16 -> 41250 | M39: =L39/(1+$L$17)^K39 -> 13502.183 | N39: =K39*M39 -> 229537.11
I40: =I39/H39 -> 11.134162 | K40: 18 | L40: =$L$16 -> 41250 | M40: =L40/(1+$L$17)^K40 -> 12643.677 | N40: =K40*M40 -> 227586.19
I41: =I40/2 -> 5.567081 | K41: 19 | L41: =$L$16 -> 41250 | M41: =L41/(1+$L$17)^K41 -> 11839.758 | N41: =K41*M41 -> 224955.39
K42: 20 | L42: =$L$16+D8 -> 1041250 | M42: =L42/(1+$L$17)^K42 -> 279861.58 | N42: =K42*M42 -> 5597231.6
M43: =SUM(M23:M42) -> 713002.12 | N43: =SUM(N23:N42) -> 9096427.3
N44: =N43/M43 -> 12.757925
A45: Pembobotan | N45: =N44/2 -> 6.3789623
A47: Obligasi | B47: Dp | C47: w1 | D47: w2 | E47: Total
A48: FR0065&FR0068 | B48: 6 | C48: =1-D48 -> -2.7485514 | D48: =(D39-B48)/(D39-I41) -> 3.7485514 | E48: =C48+D48 -> 1
A49: FR0065&FR0072 | B49: 6 | C49: =1-D49 -> 0.39092889 | D49: =(D39-B49)/(D39-N45) -> 0.60907111 | E49: =C49+D49 -> 1
A50: FR0068&FR0072 | B50: 6 | C50: =1-D50 -> 0.46677058 | D50: =(I41-B50)/(I41-N45) -> 0.53322942 | E50: =C50+D50 -> 1
A52: Simulasi Kewajiban Bayar
A54: Jumlah Investasi | B54: 200000000
A55: waktu | B55: 8
A56: YTM FR0065 | B56: =B11 -> 0.0668
A57: YTM FR0068 | B57: =C11 -> 0.0675
A58: YTM FR0072 | B58: =D11 -> 0.0679
A60: Simulasi Obligasi
A61: koombinasi | B61: Alokasi Dana Obligasi 1 | C61: Alokasi Dana Obligasi 2 | D61: Total
A62: FR0065&FR0068 | B62: =C48*$B$54 -> -5.4971027e+08 | C62: =D48*$B$54 -> 7.4971027e+08 | D62: =SUM(B62:C62) -> 200000000
A63: FR0065&FR0072 | B63: =C49*$B$54 -> 78185778 | C63: =D49*$B$54 -> 1.2181422e+08 | D63: =SUM(B63:C63) -> 200000000
A64: FR0068&FR0072 | B64: =C50*$B$54 -> 93354116 | C64: =D50*$B$54 -> 1.0664588e+08 | D64: =SUM(B64:C64) -> 200000000
A67: Dana yang Harus disiapkan (PV)
A68: Kombinasi | B68: Alokasi Dana Obligasi 1 | C68: Alokasi Dana Obligasi 2 | D68: Total
A69: FR0065&FR0068 | B69: =B62/(1+B56/2)^($B$55*2) -> -3.2496646e+08 | C69: =C62/(1+B57/2)^($B$55*2) -> 4.4080357e+08 | D69: =SUM(B69:C69) -> 1.1583711e+08
A70: FR0065&FR0072 | B70: =B63/(1+B56/2)^($B$55*2) -> 46220266 | C70: =C63/(1+B58/2)^($B$55*2) -> 71401181 | D70: =SUM(B70:C70) -> 1.1762145e+08
A71: FR0068&FR0072 | B71: =B64/(1+B57/2)^($B$55*2) -> 54888974 | C71: =C64/(1+B58/2)^($B$55*2) -> 62510288 | D71: =SUM(B71:C71) -> 1.1739926e+08
A74: Nilai investasi yang harus disiapkan Tiap tiap Obligasi
A76: FR0065&FR0068 | B76: w1 | C76: =C48 -> -2.7485514 | D76: =C76*D69 -> -3.1838425e+08 | E76: =SUM(D76:D77) -> -3.1838425e+08
B77: w2 | C77: =D48 -> 3.7485514
A79: FR0065&FR0072 | B79: w1 | C79: =C49 -> 0.39092889 | D79: =C79*D70 -> 45981622 | E79: =SUM(D79:D80) -> 1.1762145e+08
B80: w2 | C80: =D49 -> 0.60907111 | D80: =C80*D70 -> 71639826
A82: FR0068&FR0072 | B82: w1 | C82: =C50 -> 0.46677058 | D82: =C82*D71 -> 54798521 | E82: =SUM(D82:D83) -> 1.1739926e+08
B83: w2 | C83: =D50 -> 0.53322942 | D83: =C83*D71 -> 62600740
A86: Pembelian Lembar saham
A89: FR0065&FR0068 | B89: FR0065 | C89: =B5 -> 0.9835 | D89: 1000000 | E89: =C89*D89 -> 983500 | F89: =D76/E89 -> -323.72572
B90: FR0068 | C90: =C5 -> 1.085 | D90: 1000000 | E90: =C90*D90 -> 1085000 | F90: =D76/E90 -> -293.4417 | G90: 400 lembar
A92: FR0065&FR0072 | B92: FR0065 | C92: =B5 -> 0.9835 | D92: 1000000 | E92: =C92*D92 -> 983500 | F92: =D79/E92 -> 46.753047 | G92: 47 Lembar
B93: FR0068 | C93: =D5 -> 1.091 | D93: 1000000 | E93: =C93*D93 -> 1091000 | F93: =D80/E93 -> 65.664368 | G93: 66 Lembar
A95: FR0068&FR0072 | B95: FR0068 | C95: =C5 -> 1.085 | D95: 1000000 | E95: =C95*D95 -> 1085000 | F95: =D82/E95 -> 50.50555 | G95: 51 Lembar
B96: FR0072 | C96: =D5 -> 1.091 | D96: 1000000 | E96: =C96*D96 -> 1091000 | F96: =D83/E96 -> 57.37923 | G96: 58 Lembar

Sheet Simulasi Obligasi
A1: Obligasi | B1: FR0064 | C1: FR0072 | D1: FR0097 | E1: FR00102
A2: Coupon | B2: 0.06125 | C2: 0.0825 | D2: 0.07125 | E2: 0.07375
A3: Periode Pemberian | B3: 2 | C3: 2 | D3: 2 | E3: 2
A4: Yield Bid | B4: 0.0711 | C4: 0.0697 | D4: 0.0697 | E4: 0.0706
A5: Harga Beli | B5: 0.982 | C5: 1.091 | D5: 1.021 | E5: 0.9775
A6: Dikeluarkan | B6: 41134 | C6: 42194 | D6: 44792 | E6: 45296
A7: Jatuh Tempo | B7: 46888 | C7: 49810 | D7: 52397 | E7: 56445
A8: Harga (FV) | B8: 1000000 | C8: 1000000 | D8: 1000000 | E8: 1000000
A9: Sisa Tenor | B9: 2 | C9: 10 | D9: 17.1 | E9: 28.2
A10: Harga (PV) | B10: =B8*B5 -> 982000 | C10: =C8*C5 -> 1091000 | D10: 1021000 | E10: 977500
A11: YTM | B11: 0.0626 | C11: 0.0679 | D11: 0.0691 | E11: 0.0692
A14: FR0065 | G14: FR0072 | M14: FR0097 | S14: FR00102
A15: Kupon p.a | B15: =B2*B8 -> 61250 | G15: Kupon p.a | H15: =C8*C2 -> 82500 | M15: Kupon p.a | N15: =D2*D8 -> 71250 | S15: Kupon p.a | T15: =E2*E8 -> 73750
A16: Kupon tiap periode | B16: =B15/2 -> 30625 | G16: Kupon tiap periode | H16: =H15/2 -> 41250 | M16: Kupon tiap periode | N16: =N15/2 -> 35625 | S16: Kupon tiap periode | T16: =T15/2 -> 36875
A17: YTM periode | B17: =B11 -> 0.0626 | G17: YTM periode | H17: =C11 -> 0.0679 | M17: YTM periode | N17: =D11 -> 0.0691 | S17: YTM periode | T17: =E11 -> 0.0692
A18: Sisa periode | B18: =B9 -> 2 | G18: Sisa periode | H18: =C9 -> 10 | M18: Sisa periode | N18: =D9 -> 17.1 | S18: Sisa periode | T18: =E9 -> 28.2
A19: Jumlah Pembayaran | B19: =B18*2 -> 4 | G19: Jumlah Pembayaran | H19: =H18*2 -> 20 | M19: Jumlah Pembayaran | N19: =N18*2 -> 34.2 | S19: Jumlah Pembayaran | T19: =T18*2 -> 56.4
A22: Periode (t) | B22: Cash Flow | C22: PV | D22: Total | G22: Periode (t) | H22: Cash Flow | I22: PV | J22: Total | M22: Periode (t) | N22: Cash Flow | O22: PV | P22: Total | S22: Periode (t) | T22: Cash Flow | U22: PV | V22: Total
A23: 1 | B23: =$B$16 -> 30625 | C23: =B23/((1+$B$17)^A23) -> 28820.817 | D23: =A23*C23 -> 28820.817 | G23: 1 | H23: =$H$16 -> 41250 | I23: =H23/(1+$H$17)^G23 -> 38627.212 | J23: =G23*I23 -> 38627.212 | M23: 1 | N23: =N16 -> 35625 | O23: =N23/(1+$N$17)^M23 -> 33322.421 | P23: =O23*M23 -> 33322.421 | S23: 1 | T23: =T16 -> 36875 | U23: =T23/(1+$T$17)^S23 -> 34488.403 | V23: =U23*S23 -> 34488.403
A24: 2 | B24: =$B$16 -> 30625 | C24: =B24/((1+$B$17)^A24) -> 27122.922 | D24: =A24*C24 -> 54245.844 | G24: 2 | H24: =$H$16 -> 41250 | I24: =H24/(1+$H$17)^G24 -> 36171.189 | J24: =G24*I24 -> 72342.377 | M24: 2 | N24: =$N$23 -> 35625 | O24: =N24/(1+$N$17)^M24 -> 31168.666 | P24: =O24*M24 -> 62337.332 | S24: 2 | T24: =$T$23 -> 36875 | U24: =T24/(1+$T$17)^S24 -> 32256.269 | V24: =U24*S24 -> 64512.537
A25: 3 | B25: =$B$16 -> 30625 | C25: =B25/((1+$B$17)^A25) -> 25525.054 | D25: =A25*C25 -> 76575.161 | G25: 3 | H25: =$H$16 -> 41250 | I25: =H25/(1+$H$17)^G25 -> 33871.326 | J25: =G25*I25 -> 101613.98 | M25: 3 | N25: =$N$23 -> 35625 | O25: =N25/(1+$N$17)^M25 -> 29154.116 | P25: =O25*M25 -> 87462.349 | S25: 3 | T25: =$T$23 -> 36875 | U25: =T25/(1+$T$17)^S25 -> 30168.602 | V25: =U25*S25 -> 90505.805
A26: 4 | B26: =$B$16+B8 -> 1030625 | C26: =B26/((1+$B$17)^A26) -> 808390.92 | D26: =A26*C26 -> 3233563.7 | G26: 4 | H26: =$H$16 -> 41250 | I26: =H26/(1+$H$17)^G26 -> 31717.694 | J26: =G26*I26 -> 126870.78 | M26: 4 | N26: =$N$23 -> 35625 | O26: =N26/(1+$N$17)^M26 -> 27269.775 | P26: =O26*M26 -> 109079.1 | S26: 4 | T26: =$T$23 -> 36875 | U26: =T26/(1+$T$17)^S26 -> 28216.051 | V26: =U26*S26 -> 112864.2
C27: =SUM(C23:C26) -> 889859.71 | D27: =SUM(D23:D26) -> 3393205.5 | G27: 5 | H27: =$H$16 -> 41250 | I27: =H27/(1+$H$17)^G27 -> 29700.996 | J27: =G27*I27 -> 148504.98 | M27: 5 | N27: =$N$23 -> 35625 | O27: =N27/(1+$N$17)^M27 -> 25507.226 | P27: =O27*M27 -> 127536.13 | S27: 5 | T27: =$T$23 -> 36875 | U27: =T27/(1+$T$17)^S27 -> 26389.872 | V27: =U27*S27 -> 131949.36
C28: Durasi | D28: =D27/C27 -> 3.8131915 | G28: 6 | H28: =$H$16 -> 41250 | I28: =H28/(1+$H$17)^G28 -> 27812.526 | J28: =G28*I28 -> 166875.16 | M28: 6 | N28: =$N$23 -> 35625 | O28: =N28/(1+$N$17)^M28 -> 23858.597 | P28: =O28*M28 -> 143151.58 | S28: 6 | T28: =$T$23 -> 36875 | U28: =T28/(1+$T$17)^S28 -> 24681.885 | V28: =U28*S28 -> 148091.31
D29: =D28/2 -> 1.9065958 | G29: 7 | H29: =$H$16 -> 41250 | I29: =H29/(1+$H$17)^G29 -> 26044.13 | J29: =G29*I29 -> 182308.91 | M29: 7 | N29: =$N$23 -> 35625 | O29: =N29/(1+$N$17)^M29 -> 22316.525 | P29: =O29*M29 -> 156215.67 | S29: 7 | T29: =$T$23 -> 36875 | U29: =T29/(1+$T$17)^S29 -> 23084.442 | V29: =U29*S29 -> 161591.09
G30: 8 | H30: =$H$16 -> 41250 | I30: =H30/(1+$H$17)^G30 -> 24388.173 | J30: =G30*I30 -> 195105.38 | M30: 8 | N30: =$N$23 -> 35625 | O30: =N30/(1+$N$17)^M30 -> 20874.123 | P30: =O30*M30 -> 166992.98 | S30: 8 | T30: =$T$23 -> 36875 | U30: =T30/(1+$T$17)^S30 -> 21590.387 | V30: =U30*S30 -> 172723.1
A31: Durasi | G31: 9 | H31: =$H$16 -> 41250 | I31: =H31/(1+$H$17)^G31 -> 22837.506 | J31: =G31*I31 -> 205537.55 | M31: 9 | N31: =$N$23 -> 35625 | O31: =N31/(1+$N$17)^M31 -> 19524.949 | P31: =O31*M31 -> 175724.54 | S31: 9 | T31: =$T$23 -> 36875 | U31: =T31/(1+$T$17)^S31 -> 20193.029 | V31: =U31*S31 -> 181737.26
A32: FR0064 | B32: =D29 -> 1.9065958 | G32: 10 | H32: =$H$16 -> 41250 | I32: =H32/(1+$H$17)^G32 -> 21385.435 | J32: =G32*I32 -> 213854.35 | M32: 10 | N32: =$N$23 -> 35625 | O32: =N32/(1+$N$17)^M32 -> 18262.977 | P32: =O32*M32 -> 182629.77 | S32: 10 | T32: =$T$23 -> 36875 | U32: =T32/(1+$T$17)^S32 -> 18886.111 | V32: =U32*S32 -> 188861.11
A33: FR0072 | B33: =J45 -> 6.3789623 | G33: 11 | H33: =$H$16 -> 41250 | I33: =H33/(1+$H$17)^G33 -> 20025.691 | J33: =G33*I33 -> 220282.6 | M33: 11 | N33: =$N$23 -> 35625 | O33: =N33/(1+$N$17)^M33 -> 17082.572 | P33: =O33*M33 -> 187908.29 | S33: 11 | T33: =$T$23 -> 36875 | U33: =T33/(1+$T$17)^S33 -> 17663.777 | V33: =U33*S33 -> 194301.55
A34: FR0097 | B34: =P60 -> 7.8820166 | G34: 12 | H34: =$H$16 -> 41250 | I34: =H34/(1+$H$17)^G34 -> 18752.402 | J34: =G34*I34 -> 225028.83 | M34: 12 | N34: =$N$23 -> 35625 | O34: =N34/(1+$N$17)^M34 -> 15978.46 | P34: =O34*M34 -> 191741.52 | S34: 12 | T34: =$T$23 -> 36875 | U34: =T34/(1+$T$17)^S34 -> 16520.555 | V34: =U34*S34 -> 198246.66
A35: FR00102 | B35: =V80 -> 7.9859271 | G35: 13 | H35: =$H$16 -> 41250 | I35: =H35/(1+$H$17)^G35 -> 17560.073 | J35: =G35*I35 -> 228280.95 | M35: 13 | N35: =$N$23 -> 35625 | O35: =N35/(1+$N$17)^M35 -> 14945.711 | P35: =O35*M35 -> 194294.25 | S35: 13 | T35: =$T$23 -> 36875 | U35: =T35/(1+$T$17)^S35 -> 15451.323 | V35: =U35*S35 -> 200867.2
G36: 14 | H36: =$H$16 -> 41250 | I36: =H36/(1+$H$17)^G36 -> 16443.556 | J36: =G36*I36 -> 230209.78 | M36: 14 | N36: =$N$23 -> 35625 | O36: =N36/(1+$N$17)^M36 -> 13979.713 | P36: =O36*M36 -> 195715.98 | S36: 14 | T36: =$T$23 -> 36875 | U36: =T36/(1+$T$17)^S36 -> 14451.294 | V36: =U36*S36 -> 202318.11
G37: 15 | H37: =$H$16 -> 41250 | I37: =H37/(1+$H$17)^G37 -> 15398.03 | J37: =G37*I37 -> 230970.45 | M37: 15 | N37: =$N$23 -> 35625 | O37: =N37/(1+$N$17)^M37 -> 13076.151 | P37: =O37*M37 -> 196142.27 | S37: 15 | T37: =$T$23 -> 36875 | U37: =T37/(1+$T$17)^S37 -> 13515.987 | V37: =U37*S37 -> 202739.81
G38: 16 | H38: =$H$16 -> 41250 | I38: =H38/(1+$H$17)^G38 -> 14418.981 | J38: =G38*I38 -> 230703.7 | M38: 16 | N38: =$N$23 -> 35625 | O38: =N38/(1+$N$17)^M38 -> 12230.99 | P38: =O38*M38 -> 195695.84 | S38: 16 | T38: =$T$23 -> 36875 | U38: =T38/(1+$T$17)^S38 -> 12641.215 | V38: =U38*S38 -> 202259.44
G39: 17 | H39: =$H$16 -> 41250 | I39: =H39/(1+$H$17)^G39 -> 13502.183 | J39: =G39*I39 -> 229537.11 | M39: 17 | N39: =$N$23 -> 35625 | O39: =N39/(1+$N$17)^M39 -> 11440.454 | P39: =O39*M39 -> 194487.72 | S39: 17 | T39: =$T$23 -> 36875 | U39: =T39/(1+$T$17)^S39 -> 11823.06 | V39: =U39*S39 -> 200992.01
G40: 18 | H40: =$H$16 -> 41250 | I40: =H40/(1+$H$17)^G40 -> 12643.677 | J40: =G40*I40 -> 227586.19 | M40: 18 | N40: =$N$23 -> 35625 | O40: =N40/(1+$N$17)^M40 -> 10701.014 | P40: =O40*M40 -> 192618.26 | S40: 18 | T40: =$T$23 -> 36875 | U40: =T40/(1+$T$17)^S40 -> 11057.856 | V40: =U40*S40 -> 199041.41
G41: 19 | H41: =$H$16 -> 41250 | I41: =H41/(1+$H$17)^G41 -> 11839.758 | J41: =G41*I41 -> 224955.39 | M41: 19 | N41: =$N$23 -> 35625 | O41: =N41/(1+$N$17)^M41 -> 10009.367 | P41: =O41*M41 -> 190177.97 | S41: 19 | T41: =$T$23 -> 36875 | U41: =T41/(1+$T$17)^S41 -> 10342.177 | V41: =U41*S41 -> 196501.37
G42: 20 | H42: =$H$16+C8 -> 1041250 | I42: =H42/(1+$H$17)^G42 -> 279861.58 | J42: =G42*I42 -> 5597231.6 | M42: 20 | N42: =$N$23 -> 35625 | O42: =N42/(1+$N$17)^M42 -> 9362.4235 | P42: =O42*M42 -> 187248.47 | S42: 20 | T42: =$T$23 -> 36875 | U42: =T42/(1+$T$17)^S42 -> 9672.8182 | V42: =U42*S42 -> 193456.36
I43: =SUM(I23:I42) -> 713002.12 | J43: =SUM(J23:J42) -> 9096427.3 | M43: 21 | N43: =$N$23 -> 35625 | O43: =N43/(1+$N$17)^M43 -> 8757.2945 | P43: =O43*M43 -> 183903.18 | S43: 21 | T43: =$T$23 -> 36875 | U43: =T43/(1+$T$17)^S43 -> 9046.781 | V43: =U43*S43 -> 189982.4
I44: Durasi | J44: =J43/I43 -> 12.757925 | M44: 22 | N44: =$N$23 -> 35625 | O44: =N44/(1+$N$17)^M44 -> 8191.2772 | P44: =O44*M44 -> 180208.1 | S44: 22 | T44: =$T$23 -> 36875 | U44: =T44/(1+$T$17)^S44 -> 8461.2617 | V44: =U44*S44 -> 186147.76
A45: Pembobotan | J45: =J44/2 -> 6.3789623 | M45: 23 | N45: =$N$23 -> 35625 | O45: =N45/(1+$N$17)^M45 -> 7661.8438 | P45: =O45*M45 -> 176222.41 | S45: 23 | T45: =$T$23 -> 36875 | U45: =T45/(1+$T$17)^S45 -> 7913.6379 | V45: =U45*S45 -> 182013.67
M46: 24 | N46: =$N$23 -> 35625 | O46: =N46/(1+$N$17)^M46 -> 7166.6297 | P46: =O46*M46 -> 171999.11 | S46: 24 | T46: =$T$23 -> 36875 | U46: =T46/(1+$T$17)^S46 -> 7401.4571 | V46: =U46*S46 -> 177634.97
A47: Obligasi | B47: Dp | C47: w1 | D47: w2 | E47: Total | M47: 25 | N47: =$N$23 -> 35625 | O47: =N47/(1+$N$17)^M47 -> 6703.4231 | P47: =O47*M47 -> 167585.58 | S47: 25 | T47: =$T$23 -> 36875 | U47: =T47/(1+$T$17)^S47 -> 6922.4253 | V47: =U47*S47 -> 173060.63
A48: FR0064&FR0072 | B48: 6 | C48: =1-D48 -> 0.084734182 | D48: =(D29-B48)/(D29-J45) -> 0.91526582 | E48: =C48+D48 -> 1 | M48: 26 | N48: =$N$23 -> 35625 | O48: =N48/(1+$N$17)^M48 -> 6270.1554 | P48: =O48*M48 -> 163024.04 | S48: 26 | T48: =$T$23 -> 36875 | U48: =T48/(1+$T$17)^S48 -> 6474.397 | V48: =U48*S48 -> 168334.32
A49: FR0064&FR0097 | B49: 7 | C49: =1-D49 -> 0.14760744 | D49: =(D29-B49)/(D29-P60) -> 0.85239256 | E49: =C49+D49 -> 1 | M49: 27 | N49: =$N$23 -> 35625 | O49: =N49/(1+$N$17)^M49 -> 5864.8914 | P49: =O49*M49 -> 158352.07 | S49: 27 | T49: =$T$23 -> 36875 | U49: =T49/(1+$T$17)^S49 -> 6055.3657 | V49: =U49*S49 -> 163494.87
A50: FR0064&FR00102 | B50: 7 | C50: =1-D50 -> 0.16217689 | D50: =(D29-B50)/(D29-V80) -> 0.83782311 | E50: =C50+D50 -> 1 | M50: 28 | N50: =$N$23 -> 35625 | O50: =N50/(1+$N$17)^M50 -> 5485.8212 | P50: =O50*M50 -> 153602.99 | S50: 28 | T50: =$T$23 -> 36875 | U50: =T50/(1+$T$17)^S50 -> 5663.4546 | V50: =U50*S50 -> 158576.73
A51: FR0072&FR0097 | B51: 7 | C51: =1-D51 -> 0.5868162 | D51: =(J45-B51)/(J45-P60) -> 0.4131838 | E51: =D51+C51 -> 1 | M51: 29 | N51: =$N$23 -> 35625 | O51: =N51/(1+$N$17)^M51 -> 5131.2517 | P51: =O51*M51 -> 148806.3 | S51: 29 | T51: =$T$23 -> 36875 | U51: =T51/(1+$T$17)^S51 -> 5296.9086 | V51: =U51*S51 -> 153610.35
A52: FR0072&FR00102 | B52: 7 | C52: =1-D52 -> 0.61353372 | D52: =(J45-B52)/(J45-V80) -> 0.38646628 | E52: =C52+D52 -> 1 | M52: 30 | N52: =$N$23 -> 35625 | O52: =N52/(1+$N$17)^M52 -> 4799.5994 | P52: =O52*M52 -> 143987.98 | S52: 30 | T52: =$T$23 -> 36875 | U52: =T52/(1+$T$17)^S52 -> 4954.0858 | V52: =U52*S52 -> 148622.57
A53: FR0097&FR00102 | B53: 7.89 | C53: =1-D53 -> 0.9231703 | D53: =(P60-B53)/(P60-V80) -> 0.076829703 | E53: =C53+D53 -> 1 | M53: 31 | N53: =$N$23 -> 35625 | O53: =N53/(1+$N$17)^M53 -> 4489.383 | P53: =O53*M53 -> 139170.87 | S53: 31 | T53: =$T$23 -> 36875 | U53: =T53/(1+$T$17)^S53 -> 4633.451 | V53: =U53*S53 -> 143636.98
A54: Jumlah | B54: 200000000 | M54: 32 | N54: =$N$23 -> 35625 | O54: =N54/(1+$N$17)^M54 -> 4199.2171 | P54: =O54*M54 -> 134374.95 | S54: 32 | T54: =$T$23 -> 36875 | U54: =T54/(1+$T$17)^S54 -> 4333.5681 | V54: =U54*S54 -> 138674.18
A55: waktu | B55: 2 | M55: 33 | N55: =$N$23 -> 35625 | O55: =N55/(1+$N$17)^M55 -> 3927.8057 | P55: =O55*M55 -> 129617.59 | S55: 33 | T55: =$T$23 -> 36875 | U55: =T55/(1+$T$17)^S55 -> 4053.094 | V55: =U55*S55 -> 133752.1
A56: YTM FR0064 | B56: =B11 -> 0.0626 | F56: Ketentuan | M56: 34 | N56: =$N$23 -> 35625 | O56: =N56/(1+$N$17)^M56 -> 3673.9367 | P56: =O56*M56 -> 124913.85 | S56: 34 | T56: =$T$23 -> 36875 | U56: =T56/(1+$T$17)^S56 -> 3790.7725 | V56: =U56*S56 -> 128886.27
A57: YTM FR0072 | B57: =C11 -> 0.0679 | F57: Jumlah | G57: =B54 -> 200000000 | M57: 34.2 | N57: =N56+1000000 -> 1035625 | O57: =N57/(1+$N$17)^M57 -> 105384.24 | P57: =O57*M57 -> 3604140.9 | S57: 35 | T57: =$T$23 -> 36875 | U57: =T57/(1+$T$17)^S57 -> 3545.4289 | V57: =U57*S57 -> 124090.01
A58: YTM FR0097 | B58: =D11 -> 0.0691 | F58: Waktu | G58: =B55 -> 2 | O58: =SUM(O23:O57) -> 567773 | P58: =SUM(P23:P57) -> 8950392.4 | S58: 36 | T58: =$T$23 -> 36875 | U58: =T58/(1+$T$17)^S58 -> 3315.9641 | V58: =U58*S58 -> 119374.71
A59: YTM FR0102 | B59: =E11 -> 0.0692 | F59: YTM FR0064 | G59: =B56 -> 0.0626 | O59: Durasi | P59: =P58/O58 -> 15.764033 | S59: 37 | T59: =$T$23 -> 36875 | U59: =T59/(1+$T$17)^S59 -> 3101.3507 | V59: =U59*S59 -> 114749.98
F60: YTM FR0072 | G60: =B57 -> 0.0679 | P60: =P59/2 -> 7.8820166 | S60: 38 | T60: =$T$23 -> 36875 | U60: =T60/(1+$T$17)^S60 -> 2900.6273 | V60: =U60*S60 -> 110223.84
F61: YTM FR0097 | G61: =B58 -> 0.0691 | S61: 39 | T61: =$T$23 -> 36875 | U61: =T61/(1+$T$17)^S61 -> 2712.8949 | V61: =U61*S61 -> 105802.9
F62: YTM FR0102 | G62: =B59 -> 0.0692 | S62: 40 | T62: =$T$23 -> 36875 | U62: =T62/(1+$T$17)^S62 -> 2537.3129 | V62: =U62*S62 -> 101492.52
S63: 41 | T63: =$T$23 -> 36875 | U63: =T63/(1+$T$17)^S63 -> 2373.0947 | V63: =U63*S63 -> 97296.884
A64: Simulasi Obligasi | S64: 42 | T64: =$T$23 -> 36875 | U64: =T64/(1+$T$17)^S64 -> 2219.505 | V64: =U64*S64 -> 93219.21
A65: Koombinasi | B65: Alokasi Dana Obligasi 1 | C65: Alokasi Dana Obligasi 2 | D65: Total | S65: 43 | T65: =$T$23 -> 36875 | U65: =T65/(1+$T$17)^S65 -> 2075.8558 | V65: =U65*S65 -> 89261.798
A66: FR0064&FR0072 | B66: =C48*$B$54 -> 16946836 | C66: =D48*$B$54 -> 1.8305316e+08 | D66: =C66+B66 -> 200000000 | S66: 44 | T66: =$T$23 -> 36875 | U66: =T66/(1+$T$17)^S66 -> 1941.5037 | V66: =U66*S66 -> 85426.163
A67: FR0064&FR0097 | B67: =C49*$B$54 -> 29521489 | C67: =D49*$B$54 -> 1.7047851e+08 | D67: =C67+B67 -> 200000000 | S67: 45 | T67: =$T$23 -> 36875 | U67: =T67/(1+$T$17)^S67 -> 1815.8471 | V67: =U67*S67 -> 81713.119
A68: FR0064&FR00102 | B68: =C50*$B$54 -> 32435378 | C68: =D50*$B$54 -> 1.6756462e+08 | D68: =C68+B68 -> 200000000 | S68: 46 | T68: =$T$23 -> 36875 | U68: =T68/(1+$T$17)^S68 -> 1698.3231 | V68: =U68*S68 -> 78122.864
A69: FR0072&FR0097 | B69: =C51*$B$54 -> 1.1736324e+08 | C69: =D51*$B$54 -> 82636760 | D69: =C69+B69 -> 200000000 | S69: 47 | T69: =$T$23 -> 36875 | U69: =T69/(1+$T$17)^S69 -> 1588.4055 | V69: =U69*S69 -> 74655.057
A70: FR0072&FR00102 | B70: =C52*$B$54 -> 1.2270674e+08 | C70: =D52*$B$54 -> 77293255 | D70: =C70+B70 -> 200000000 | S70: 48 | T70: =$T$23 -> 36875 | U70: =T70/(1+$T$17)^S70 -> 1485.6018 | V70: =U70*S70 -> 71308.888
A71: FR0097&FR00102 | B71: =C53*$B$54 -> 1.8463406e+08 | C71: =D53*$B$54 -> 15365941 | D71: =C71+B71 -> 200000000 | S71: 49 | T71: =$T$23 -> 36875 | U71: =T71/(1+$T$17)^S71 -> 1389.4518 | V71: =U71*S71 -> 68083.136
S72: 50 | T72: =$T$23 -> 36875 | U72: =T72/(1+$T$17)^S72 -> 1299.5247 | V72: =U72*S72 -> 64976.233
S73: 51 | T73: =$T$23 -> 36875 | U73: =T73/(1+$T$17)^S73 -> 1215.4178 | V73: =U73*S73 -> 61986.305
A74: Dana yang Harus disiapkan (PV) | S74: 52 | T74: =$T$23 -> 36875 | U74: =T74/(1+$T$17)^S74 -> 1136.7543 | V74: =U74*S74 -> 59111.226
A75: Kombinasi | B75: Alokasi Dana Obligasi 1 | C75: Alokasi Dana Obligasi 2 | D75: Total | S75: 53 | T75: =$T$23 -> 36875 | U75: =T75/(1+$T$17)^S75 -> 1063.1821 | V75: =U75*S75 -> 56348.654
A76: FR0064&FR0072 | B76: =B66/(1+B56/2)^($B$55*2) -> 14981268 | C76: =C66/(1+B57/2)^($B$55*2) -> 1.6016923e+08 | D76: =SUM(B76:C76) -> 1.751505e+08 | S76: 54 | T76: =$T$23 -> 36875 | U76: =T76/(1+$T$17)^S76 -> 994.37163 | V76: =U76*S76 -> 53696.068
A77: FR0064&FR0097 | B77: =B67/(1+B56/2)^($B$55*2) -> 26097456 | C77: =C67/(1+B58/2)^($B$55*2) -> 1.4882082e+08 | D77: =SUM(B77:C77) -> 1.7491828e+08 | S77: 54.4 | T77: =T76+1000000 -> 1036875 | U77: =T77/(1+$T$17)^S77 -> 27221.968 | V77: =U77*S77 -> 1480875.1
A78: FR0064&FR00102 | B78: =B68/(1+B56/2)^($B$55*2) -> 28673381 | C78: =C68/(1+B59/2)^($B$55*2) -> 1.4624884e+08 | D78: =SUM(B78:C78) -> 1.7492222e+08 | U78: =SUM(U23:U77) -> 545728.16 | V78: =SUM(V23:V77) -> 8716290.5
A79: FR0072&FR0097 | B79: =B69/(1+B57/2)^($B$55*2) -> 1.0269137e+08 | C79: =C69/(1+B58/2)^($B$55*2) -> 72138539 | D79: =SUM(B79:C79) -> 1.7482991e+08 | V79: =V78/U78 -> 15.971854
A80: FR0072&FR00102 | B80: =B70/(1+B57/2)^($B$55*2) -> 1.0736687e+08 | C80: =C70/(1+B59/2)^($B$55*2) -> 67460833 | D80: =SUM(B80:C80) -> 1.748277e+08 | V80: =V79/2 -> 7.9859271
A81: FR0097&FR00102 | B81: =B71/(1+B59/2)^($B$55*2) -> 1.6114689e+08 | C81: =C71/(1+B59/2)^($B$55*2) -> 13411250 | D81: =SUM(B81:C81) -> 1.7455814e+08
A86: Nilai investasi yang harus disiapkan Tiap tiap Obligasi
A88: FR0064&FR0072 | B88: w1 | C88: =C48 -> 0.084734182 | D88: =C88*D76 -> 14841234 | E88: =SUM(D88:D89) -> 1.751505e+08
B89: w2 | C89: =D48 -> 0.91526582 | D89: =C89*D76 -> 1.6030926e+08
A91: FR0064&FR0097 | B91: w1 | C91: =C49 -> 0.14760744 | D91: =C91*D77 -> 25819240 | E91: =SUM(D91:D92) -> 1.7491828e+08
B92: w2 | C92: =D49 -> 0.85239256 | D92: =C92*D77 -> 1.4909904e+08
A94: FR0064&FR00102 | B94: w1 | C94: =C50 -> 0.16217689 | D94: =C94*D78 -> 28368342 | E94: =SUM(D94:D95) -> 1.7492222e+08
B95: w2 | C95: =D50 -> 0.83782311 | D95: =C95*D78 -> 1.4655388e+08
A97: FR0072&FR0097 | B97: w1 | C97: =C50 -> 0.16217689 | D97: =C97*D79 -> 28353371 | E97: =SUM(D97:D98) -> 1.7482991e+08
B98: w2 | C98: =D50 -> 0.83782311 | D98: =C98*D79 -> 1.4647654e+08
A100: FR0072&FR00102 | B100: w1 | C100: =C51 -> 0.5868162 | D100: =C100*D80 -> 1.0259173e+08 | E100: =SUM(D100:D101) -> 1.748277e+08
B101: w2 | C101: =D51 -> 0.4131838 | D101: =C101*D80 -> 72235974
A103: FR0097&FR00102 | B103: w1 | C103: =C53 -> 0.9231703 | D103: =C103*D81 -> 1.6114689e+08 | E103: =SUM(D103:D104) -> 1.7455814e+08
B104: w2 | C104: =D53 -> 0.076829703 | D104: =C104*D81 -> 13411250
A107: Pembelian Lembar saham
A110: FR0064&FR0072 | B110: FR0064 | C110: =B5 -> 0.982 | D110: 1000000 | E110: =C110*D110 -> 982000 | F110: =_xlfn.CEILING.MATH(D88/E110) -> 16
B111: FR0072 | C111: =C5 -> 1.091 | D111: 1000000 | E111: =C111*D111 -> 1091000 | F111: =_xlfn.CEILING.MATH(D89/E111) -> 147
A113: FR0064&FR0097 | B113: FR0064 | C113: =B5 -> 0.982 | D113: 1000000 | E113: =C113*D113 -> 982000 | F113: =_xlfn.CEILING.MATH(D91/E113) -> 27
B114: FR0097 | C114: =D5 -> 1.021 | D114: 1000000 | E114: =C114*D114 -> 1021000 | F114: =_xlfn.CEILING.MATH(D92/E114) -> 147
A116: FR0064&FR00102 | B116: FR0064 | C116: =B5 -> 0.982 | D116: 1000000 | E116: =C116*D116 -> 982000 | F116: =_xlfn.CEILING.MATH(D94/E116) -> 29
B117: FR0102 | C117: =E5 -> 0.9775 | D117: 1000000 | E117: =C117*D117 -> 977500 | F117: =_xlfn.CEILING.MATH(D95/E117) -> 150
A119: FR0072&FR0097 | B119: FR0072 | C119: =C5 -> 1.091 | D119: 1000000 | E119: =D119*C119 -> 1091000 | F119: =_xlfn.CEILING.MATH(D97/E119) -> 26
B120: FR0097 | C120: =D5 -> 1.021 | D120: 1000000 | E120: =D120*C120 -> 1021000 | F120: =_xlfn.CEILING.MATH(D98/E120) -> 144
A122: FR0072&FR00102 | B122: FR0072 | C122: =C5 -> 1.091 | D122: 1000000 | E122: =D122*C122 -> 1091000 | F122: =_xlfn.CEILING.MATH(D100/E122) -> 95
...

Sheet VaR
A1: tanggal | B1: FR0064 | D1: FR0072 | F1: FR0097 | H1: FR00102 | X1: 0.05 | AB1: Return
B2: harga_beli | C2: harga_jual | D2: harga_beli | E2: harga_jual | F2: harga_beli | G2: harga_jual | H2: harga_beli | I2: harga_jual | X2: 100000000 | AB2: 1 | AC2: 2 | AD2: 3 | AE2: 4 | AF2: 5 | AG2: 6
A3: 45299 | B3: 99 | C3: 97.8 | D3: 113.3 | E3: 112.1 | F3: 102.8 | G3: 101.65 | H3: 99.55 | I3: 98.4 | K3: FR0064 | L3: FR0072 | M3: FR0097 | N3: FR00102 | AB3: =K4*$S$108+L4*$T$108 -> -0.0031851352 | AC3: =K4*$S$109+M4*$T$109 -> 0.0018263158 | AD3: =K4*$S$110+N4*$T$110 -> 0.00058643986 | AE3: =L4*$S$111+M4*$T$111 -> -0.0012854921 | AF3: =L4*$S$112+N4*$T$112 -> -0.0019990945 | AG3: =M4*$S$113+N4*$T$113 -> 0.0018531647
A4: 45300 | B4: 99 | C4: 97.9 | D4: 113.2 | E4: 111.7 | F4: 102.85 | G4: 101.85 | H4: 99.6 | I4: 98.5 | K4: =LN(C4/C3) -> 0.0010219725 | L4: =LN(E4/E3) -> -0.003574624 | M4: =LN(G4/G3) -> 0.0019656026 | N4: =LN(H4/H3) -> 0.00050213408 | AB4: =K5*$S$108+L5*$T$108 -> 0.0017238351 | AC4: =K5*$S$109+M5*$T$109 -> -0.00026786087 | AD4: =K5*$S$110+N5*$T$110 -> -0.00025512842 | AE4: =L5*$S$111+M5*$T$111 -> 0.00084687174 | AF4: =L5*$S$112+N5*$T$112 -> 0.00090349826 | AG4: =M5*$S$113+N5*$T$113 -> -0.00049189102
A5: 45301 | B5: 99.1 | C5: 98 | D5: 113.2 | E5: 111.9 | F5: 103 | G5: 101.8 | H5: 99.55 | I5: 98.6 | K5: =LN(C5/C4) -> 0.0010209291 | L5: =LN(E5/E4) -> 0.0017889092 | M5: =LN(G5/G4) -> -0.00049103856 | N5: =LN(H5/H4) -> -0.00050213408 | AB5: =K6*$S$108+L6*$T$108 -> 0.00021588338 | AC5: =K6*$S$109+M6*$T$109 -> 0.0020490688 | AD5: =K6*$S$110+N6*$T$110 -> 0.0037728859 | AE5: =L6*$S$111+M6*$T$111 -> 0.00081095964 | AF5: =L6*$S$112+N6*$T$112 -> 0.0015497415 | AG5: =M6*$S$113+N6*$T$113 -> 0.0021200043
A6: 45302 | B6: 99.4 | C6: 98.25 | D6: 113.1 | E6: 111.9 | F6: 103 | G6: 102 | H6: 99.95 | I6: 98.8 | K6: =LN(C6/C5) -> 0.0025477721 | L6: =LN(E6/E5) -> 0 | M6: =LN(G6/G5) -> 0.0019627092 | N6: =LN(H6/H5) -> 0.0040100304 | AB6: =K7*$S$108+L7*$T$108 -> 0 | AC6: =K7*$S$109+M7*$T$109 -> 0.0020866413 | AD6: =K7*$S$110+N7*$T$110 -> -0.00041922598 | AE6: =L7*$S$111+M7*$T$111 -> 0.0010114664 | AF6: =L7*$S$112+N7*$T$112 -> -0.00019337818 | AG6: =M7*$S$113+N7*$T$113 -> 0.0022214603
A7: 45303 | B7: 99.35 | C7: 98.25 | D7: 113.2 | E7: 111.9 | F7: 103.25 | G7: 102.25 | H7: 99.9 | I7: 98.7 | K7: =LN(C7/C6) -> 0 | L7: =LN(E7/E6) -> 0 | M7: =LN(G7/G6) -> 0.0024479816 | N7: =LN(H7/H6) -> -0.00050037529 | AB7: =K8*$S$108+L8*$T$108 -> 0.0026658471 | AC7: =K8*$S$109+M8*$T$109 -> 0.00037511442 | AD7: =K8*$S$110+N8*$T$110 -> 0.00041213972 | AE7: =L8*$S$111+M8*$T$111 -> 0.0015711286 | AF7: =L8*$S$112+N8*$T$112 -> 0.0016426616 | AG7: =M8*$S$113+N8*$T$113 -> 0
A8: 45306 | B8: 99.5 | C8: 98.5 | D8: 113.4 | E8: 112.2 | F8: 103.3 | G8: 102.25 | H8: 99.9 | I8: 98.95 | K8: =LN(C8/C7) -> 0.0025412974 | L8: =LN(E8/E7) -> 0.0026773778 | M8: =LN(G8/G7) -> 0 | N8: =LN(H8/H7) -> 0 | AB8: =K9*$S$108+L9*$T$108 -> -0.00090217692 | AC8: =K9*$S$109+M9*$T$109 -> -0.0022365727 | AD8: =K9*$S$110+N9*$T$110 -> -0.001843735 | AE8: =L9*$S$111+M9*$T$111 -> -0.0015347087 | AF8: =L9*$S$112+N9*$T$112 -> -0.0013215471 | AG8: =M9*$S$113+N9*$T$113 -> -0.0024138713
A9: 45307 | B9: 99.5 | C9: 98.4 | D9: 113.3 | E9: 112.1 | F9: 103.2 | G9: 102 | H9: 99.7 | I9: 98.5 | K9: =LN(C9/C8) -> -0.0010157441 | L9: =LN(E9/E8) -> -0.00089166301 | M9: =LN(G9/G8) -> -0.0024479816 | N9: =LN(H9/H8) -> -0.0020040087 | AB9: =K10*$S$108+L10*$T$108 -> 8.6068247e-05 | AC9: =K10*$S$109+M10*$T$109 -> 0.00098520099 | AD9: =K10*$S$110+N10*$T$110 -> 0.00016473022 | AE9: =L10*$S$111+M10*$T$111 -> 0.00040488372 | AF9: =L10*$S$112+N10*$T$112 -> 0 | AG9: =M10*$S$113+N10*$T$113 -> 0.00090462555
A10: 45308 | B10: 99.6 | C10: 98.5 | D10: 113.3 | E10: 112.1 | F10: 103.3 | G10: 102.1 | H10: 99.7 | I10: 98.7 | K10: =LN(C10/C9) -> 0.0010157441 | L10: =LN(E10/E9) -> 0 | M10: =LN(G10/G9) -> 0.00097991189 | N10: =LN(H10/H9) -> 0 | AB10: =K11*$S$108+L11*$T$108 -> -0.0011184591 | AC10: =K11*$S$109+M11*$T$109 -> -0.00052542751 | AD10: =K11*$S$110+N11*$T$110 -> 0.0011017155 | AE10: =L11*$S$111+M11*$T$111 -> -0.00052370927 | AF10: =L11*$S$112+N11*$T$112 -> 0.00022692821 | AG10: =M11*$S$113+N11*$T$113 -> 0.00015396739
A11: 45309 | B11: 99.35 | C11: 98.15 | D11: 113.3 | E11: 112 | F11: 103.15 | G11: 102.1 | H11: 99.9 | I11: 98.7 | K11: =LN(C11/C10) -> -0.0035596275 | L11: =LN(E11/E10) -> -0.00089245878 | M11: =LN(G11/G10) -> 0 | N11: =LN(H11/H10) -> 0.0020040087 | AB11: =K12*$S$108+L12*$T$108 -> -0.00012971564 | AC11: =K12*$S$109+M12*$T$109 -> 0.0036991496 | AD11: =K12*$S$110+N12*$T$110 -> 0.00047742988 | AE11: =L12*$S$111+M12*$T$111 -> 0.00068809901 | AF11: =L12*$S$112+N12*$T$112 -> -0.00093508954 | AG11: =M12*$S$113+N12*$T$113 -> 0.0026316249
A12: 45310 | B12: 99.8 | C12: 98.95 | D12: 113.2 | E12: 111.9 | F12: 103.4 | G12: 102.4 | H12: 99.8 | I12: 99.15 | K12: =LN(C12/C11) -> 0.0081177513 | L12: =LN(E12/E11) -> -0.00089325598 | M12: =LN(G12/G11) -> 0.0029339874 | N12: =LN(H12/H11) -> -0.0010015023 | AB12: =K13*$S$108+L13*$T$108 -> 0.0021502644 | AC12: =K13*$S$109+M13*$T$109 -> 0.0015554666 | AD12: =K13*$S$110+N13*$T$110 -> 0.0011026648 | AE12: =L13*$S$111+M13*$T$111 -> 0.0025786488 | AF12: =L13*$S$112+N13*$T$112 -> 0.0024163681 | AG12: =M13*$S$113+N13*$T$113 -> 0.0024049002
A13: 45313 | B13: 99.8 | C13: 98.6 | D13: 113.4 | E13: 112.2 | F13: 103.6 | G13: 102.65 | H13: 100 | I13: 98.8 | K13: =LN(C13/C12) -> -0.0035434104 | L13: =LN(E13/E12) -> 0.0026773778 | M13: =LN(G13/G12) -> 0.0024384309 | N13: =LN(H13/H12) -> 0.0020020027 | AB13: =K14*$S$108+L14*$T$108 -> 0.00098708216 | AC13: =K14*$S$109+M14*$T$109 -> -0.00094738857 | AD13: =K14*$S$110+N14*$T$110 -> -0.00050961626 | AE13: =L14*$S$111+M14*$T$111 -> -8.1441063e-05 | AF13: =L14*$S$112+N14*$T$112 -> 0.00015991833 | AG13: =M14*$S$113+N14*$T$113 -> -0.0014268615
A14: 45314 | B14: 99.9 | C14: 98.8 | D14: 113.3 | E14: 112.3 | F14: 103.55 | G14: 102.5 | H14: 99.9 | I14: 99.2 | K14: =LN(C14/C13) -> 0.0020263431 | L14: =LN(E14/E13) -> 0.00089086866 | M14: =LN(G14/G13) -> -0.0014623449 | N14: =LN(H14/H13) -> -0.0010005003 | AB14: =K15*$S$108+L15*$T$108 -> -0.0013091518 | AC14: =K15*$S$109+M15*$T$109 -> -0.005572104 | AD14: =K15*$S$110+N15*$T$110 -> 0.00067401252 | AE14: =L15*$S$111+M15*$T$111 -> -0.0034128722 | AF14: =L15*$S$112+N15*$T$112 -> -0.00043339001 | AG14: =M15*$S$113+N15*$T$113 -> -0.0057960236
A15: 45315 | B15: 99.8 | C15: 98.7 | D15: 113.35 | E15: 112.15 | F15: 102.95 | G15: 101.85 | H15: 100 | I15: 98.9 | K15: =LN(C15/C14) -> -0.0010126583 | L15: =LN(E15/E14) -> -0.0013366008 | M15: =LN(G15/G14) -> -0.0063616559 | N15: =LN(H15/H14) -> 0.0010005003 | AB15: =K16*$S$108+L16*$T$108 -> -0.0016766104 | AC15: =K16*$S$109+M16*$T$109 -> -0.0021696411 | AD15: =K16*$S$110+N16*$T$110 -> -0.0009204196 | AE15: =L16*$S$111+M16*$T$111 -> -0.0020628624 | AF15: =L16*$S$112+N16*$T$112 -> -0.001481767 | AG15: =M16*$S$113+N16*$T$113 -> -0.0023456584
... A97: 45429 | B97: 98.25 | C97: 97.25 | D97: 111.55 | E97: 110.35 | F97: 102.7 | G97: 101.5 | H97: 100.2 | I97: 98.9 | K97: =LN(C97/C96) -> 0.0015436072 | L97: =LN(E97/E96) -> 0.0072760667 | M97: =LN(G97/G96) -> -0.00049248954 | N97: =LN(H97/H96) -> 0 | AB97: =K98*$S$108+L98*$T$108 -> -0.0010042368 | AC97: =K98*$S$109+M98*$T$109 -> -0.0024059543 | AD97: =K98*$S$110+N98*$T$110 -> -0.0024268583 | AE97: =L98*$S$111+M98*$T$111 -> -0.0015509678 | AF97: =L98*$S$112+N98*$T$112 -> -0.0015216831 | AG97: =M98*$S$113+N98*$T$113 -> -0.0024685538
A98: 45432 | B98: 98.15 | C98: 97.05 | D98: 111.35 | E98: 110.25 | F98: 102.35 | G98: 101.25 | H98: 99.95 | I98: 98.85 | K98: =LN(C98/C97) -> -0.0020586729 | L98: =LN(E98/E97) -> -0.00090661838 | M98: =LN(G98/G97) -> -0.0024660925 | N98: =LN(H98/H97) -> -0.0024981277 | R98: FR0064 | S98: FR0072 | T98: FR0097 | U98: FR00102 | X98: {=TRANSPOSE(R103:T103)} -> -1.6448536 | AB98: =K99*$S$108+L99*$T$108 -> -0.0033267309 | AC98: =K99*$S$109+M99*$T$109 -> -0.0016854035 | AD98: =K99*$S$110+N99*$T$110 -> -0.0037806071 | AE98: =L99*$S$111+M99*$T$111 -> -0.0029498826 | AF98: =L99*$S$112+N99*$T$112 -> -0.0039739174 | AG98: =M99*$S$113+N99*$T$113 -> -0.0021720373
A99: 45433 | B99: 98.15 | C99: 97.05 | D99: 111.25 | E99: 109.85 | F99: 102.15 | G99: 101.05 | H99: 99.5 | I99: 98 | K99: =LN(C99/C98) -> 0 | L99: =LN(E99/E98) -> -0.0036347155 | M99: =LN(G99/G98) -> -0.0019772621 | N99: =LN(H99/H98) -> -0.0045124168 | Q99: mean | R99: =AVERAGE(K4:K623) -> 1.5667466e-05 | S99: =AVERAGE(L4:L623) -> -4.5451293e-05 | T99: =AVERAGE(M4:M623) -> -7.974148e-07 | U99: =AVERAGE(N4:N623) -> 8.1383157e-07 | X99: -2.3263479 | AB99: =K100*$S$108+L100*$T$108 -> 0.0035447248 | AC99: =K100*$S$109+M100*$T$109 -> 0.0037472278 | AD99: =K100*$S$110+N100*$T$110 -> 0.0033591744 | AE99: =L100*$S$111+M100*$T$111 -> 0.0037652431 | AF99: =L100*$S$112+N100*$T$112 -> 0.0035870643 | AG99: =M100*$S$113+N100*$T$113 -> 0.0039168783
A100: 45434 | B100: 98.2 | C100: 97.3 | D100: 111.45 | E100: 110.25 | F100: 102.55 | G100: 101.45 | H100: 99.85 | I100: 98.55 | K100: =LN(C100/C99) -> 0.0025726796 | L100: =LN(E100/E99) -> 0.0036347155 | M100: =LN(G100/G99) -> 0.0039506224 | N100: =LN(H100/H99) -> 0.0035114157 | Q100: std.dev | R100: =_xlfn.STDEV.S(K4:K623) -> 0.0016708986 | S100: =_xlfn.STDEV.S(L4:L623) -> 0.0028203583 | T100: =_xlfn.STDEV.S(M4:M623) -> 0.0035981205 | U100: =_xlfn.STDEV.S(N4:N623) -> 0.0028347134 | X100: -1.2815516 | AB100: =K101*$S$108+L101*$T$108 -> 0 | AC100: =K101*$S$109+M101*$T$109 -> 0 | AD100: =K101*$S$110+N101*$T$110 -> 0 | AE100: =L101*$S$111+M101*$T$111 -> 0 | AF100: =L101*$S$112+N101*$T$112 -> 0 | AG100: =M101*$S$113+N101*$T$113 -> 0
A101: 45435 | B101: 98.2 | C101: 97.3 | D101: 111.45 | E101: 110.25 | F101: 102.55 | G101: 101.45 | H101: 99.85 | I101: 98.55 | K101: =LN(C101/C100) -> 0 | L101: =LN(E101/E100) -> 0 | M101: =LN(G101/G100) -> 0 | N101: =LN(H101/H100) -> 0 | Q101: skewness | R101: =_xlfn.SKEW.P(K4:K623) -> -0.61034085 | S101: =_xlfn.SKEW.P(L4:L623) -> -0.039560551 | T101: =_xlfn.SKEW.P(M4:M623) -> -0.55546981 | U101: =_xlfn.SKEW.P(N4:N623) -> -0.15309895 | AB101: =K102*$S$108+L102*$T$108 -> 0 | AC101: =K102*$S$109+M102*$T$109 -> 0 | AD101: =K102*$S$110+N102*$T$110 -> 0 | AE101: =L102*$S$111+M102*$T$111 -> 0 | AF101: =L102*$S$112+N102*$T$112 -> 0 | AG101: =M102*$S$113+N102*$T$113 -> 0
A102: 45436 | B102: 98.2 | C102: 97.3 | D102: 111.45 | E102: 110.25 | F102: 102.55 | G102: 101.45 | H102: 99.85 | I102: 98.55 | K102: =LN(C102/C101) -> 0 | L102: =LN(E102/E101) -> 0 | M102: =LN(G102/G101) -> 0 | N102: =LN(H102/H101) -> 0 | Q102: excess kurtosis | R102: =KURT(K4:K623) -> 6.8739324 | S102: =KURT(L4:L623) -> 3.7618872 | T102: =KURT(M4:M623) -> 6.7063199 | U102: =KURT(N4:N623) -> 12.647214 | AB102: =K103*$S$108+L103*$T$108 -> -4.3553937e-05 | AC102: =K103*$S$109+M103*$T$109 -> -0.0038652245 | AD102: =K103*$S$110+N103*$T$110 -> -0.0051330374 | AE102: =L103*$S$111+M103*$T$111 -> -0.001836829 | AF102: =L103*$S$112+N103*$T$112 -> -0.0023292865 | AG102: =M103*$S$113+N103*$T$113 -> -0.0045670626
A103: 45439 | B103: 98.25 | C103: 97.25 | D103: 111.55 | E103: 110.25 | F103: 102 | G103: 101 | H103: 99.25 | I103: 98.25 | K103: =LN(C103/C102) -> -0.00051400669 | L103: =LN(E103/E102) -> 0 | M103: =LN(G103/G102) -> -0.0044455494 | N103: =LN(H103/H102) -> -0.0060271403 | Q103: Zt | R103: =_xlfn.NORM.INV(0.05,0,1) -> -1.6448536 | S103: =_xlfn.NORM.INV(0.01,0,1) -> -2.3263479 | T103: =_xlfn.NORM.INV(0.1,0,1) -> -1.2815516 | AB103: =K104*$S$108+L104*$T$108 -> -0.00091772489 | AC103: =K104*$S$109+M104*$T$109 -> -0.00015185952 | AD103: =K104*$S$110+N104*$T$110 -> 0.00067688061 | AE103: =L104*$S$111+M104*$T$111 -> -0.00053250112 | AF103: =L104*$S$112+N104*$T$112 -> -0.00016755506 | AG103: =M104*$S$113+N104*$T$113 -> 7.7371309e-05
A104: 45440 | B104: 98.15 | C104: 97.15 | D104: 111.45 | E104: 110.15 | F104: 102 | G104: 101 | H104: 99.35 | I104: 98.25 | K104: =LN(C104/C103) -> -0.0010288067 | L104: =LN(E104/E103) -> -0.00090744108 | M104: =LN(G104/G103) -> 0 | N104: =LN(H104/H103) -> 0.0010070494 | AB104: =K105*$S$108+L105*$T$108 -> -0.0033297565 | AC104: =K105*$S$109+M105*$T$109 -> -0.0012668705 | AD104: =K105*$S$110+N105*$T$110 -> -0.0025337412 | AE104: =L105*$S$111+M105*$T$111 -> -0.0027489453 | AF104: =L105*$S$112+N105*$T$112 -> -0.0034007985 | AG104: =M105*$S$113+N105*$T$113 -> -0.0016044122
A105: 45441 | B105: 98.15 | C105: 97.15 | D105: 111.25 | E105: 109.75 | F105: 101.85 | G105: 100.85 | H105: 99.05 | I105: 97.55 | K105: =LN(C105/C104) -> 0 | L105: =LN(E105/E104) -> -0.0036380213 | M105: =LN(G105/G104) -> -0.0014862524 | N105: =LN(H105/H104) -> -0.0030241959 | AB105: =K106*$S$108+L106*$T$108 -> -0.0039351328 | AC105: =K106*$S$109+M106*$T$109 -> -0.0019962835 | AD105: =K106*$S$110+N106*$T$110 -> -0.0037244985 | AE105: =L106*$S$111+M106*$T$111 -> -0.0032312426 | AF105: =L106*$S$112+N106*$T$112 -> -0.004084651 | AG105: =M106*$S$113+N106*$T$113 -> -0.0021434912
A106: 45442 | B106: 97.95 | C106: 96.95 | D106: 110.9 | E106: 109.3 | F106: 101.65 | G106: 100.65 | H106: 98.65 | I106: 97.15 | K106: =LN(C106/C105) -> -0.0020607941 | L106: =LN(E106/E105) -> -0.0041086568 | M106: =LN(G106/G105) -> -0.0019851123 | N106: =LN(H106/H105) -> -0.0040465407 | Q106: RETURN PORTOFOLIO | AB106: =K107*$S$108+L107*$T$108 -> 0.0053594721 | AC106: =K107*$S$109+M107*$T$109 -> 0.0044102525 | AD106: =K107*$S$110+N107*$T$110 -> 0.0032117383 | AE106: =L107*$S$111+M107*$T$111 -> 0.0050557076 | AF106: =L107*$S$112+N107*$T$112 -> 0.0045322511 | AG106: =M107*$S$113+N107*$T$113 -> 0.0043515274
A107: 45443 | B107: 98.35 | C107: 97.35 | D107: 111.4 | E107: 109.9 | F107: 102.05 | G107: 101.1 | H107: 98.95 | I107: 97.55 | K107: =LN(C107/C106) -> 0.0041173501 | L107: =LN(E107/E106) -> 0.0054744662 | M107: =LN(G107/G106) -> 0.0044609739 | N107: =LN(H107/H106) -> 0.0030364396 | Q107: Obligasi | R107: Dp | S107: w1 | T107: w2 | U107: mean | V107: std.dev | W107: skewness | X107: excess kurtosis | Y107: alpha 5% | Z107: alpha 1% | AA107: alpha 10% | AB107: =K108*$S$108+L108*$T$108 -> 0.00065817768 | AC107: =K108*$S$109+M108*$T$109 -> 0.003062256 | AD107: =K108*$S$110+N108*$T$110 -> 0.0013581922 | AE107: =L108*$S$111+M108*$T$111 -> 0.0021652394 | AF107: =L108*$S$112+N108*$T$112 -> 0.0013383577 | AG107: =M108*$S$113+N108*$T$113 -> 0.0038004303
A108: 45446 | B108: 98.35 | C108: 97.15 | D108: 111.5 | E108: 110 | F108: 102.5 | G108: 101.5 | H108: 99.15 | I108: 98.15 | K108: =LN(C108/C107) -> -0.002056556 | L108: =LN(E108/E107) -> 0.00090950438 | M108: =LN(G108/G107) -> 0.0039486725 | N108: =LN(H108/H107) -> 0.0020191829 | P108: 1 | Q108: ='Simulasi Obligasi'!A48 -> FR0064&FR0072 | R108: ='Simulasi Obligasi'!B48 -> 6 | S108: ='Simulasi Obligasi'!C48 -> 0.084734182 | T108: ='Simulasi Obligasi'!D48 -> 0.91526582 | U108: =AVERAGE(AB3:AB620) -> -4.0207279e-05 | V108: {=TRANSPOSE(AB622:AG622)} -> 0.0026385302 | W108: {=TRANSPOSE(AB623:AG624)} -> -0.023645706 | X108: 3.7026721 | Y108: =X$98 + (1/6)*((X$98^2) - 1)*$W108 + (1/24)*((X$98^3) - 3*X$98)*$X108 - (1/36)*(2*(X$98^3) - 5*X$98)*($W108^2) -> -1.5768419 | Z108: =X$99 + (1/6)*((X$99^2) - 1)*$W108 + (1/24)*((X$99^3) - 3*X$99)*$X108 - (1/36)*(2*(X$99^3) - 5*X$99)*($W108^2) -> -3.2091638 | AA108: =X$100 + (1/6)*((X$100^2) - 1)*$W108 + (1/24)*((X$100^3) - 3*X$100)*$X108 - (1/36)*(2*(X$100^3) - 5*X$100)*($W108^2) -> -1.015694 | AB108: =K109*$S$108+L109*$T$108 -> -0.00024186391 | AC108: =K109*$S$109+M109*$T$109 -> 0.0019815016 | AD108: =K109*$S$110+N109*$T$110 -> 0.00033352586 | AE108: =L109*$S$111+M109*$T$111 -> 0.00054655893 | AF108: =L109*$S$112+N109*$T$112 -> -0.00027894237 | AG108: =M109*$S$113+N109*$T$113 -> 0.001817265
A109: 45447 | B109: 98.35 | C109: 97.35 | D109: 111.55 | E109: 109.95 | F109: 102.55 | G109: 101.7 | H109: 99.15 | I109: 98.15 | K109: =LN(C109/C108) -> 0.002056556 | L109: =LN(E109/E108) -> -0.00045464879 | M109: =LN(G109/G108) -> 0.0019685046 | N109: =LN(H109/H108) -> 0 | P109: 2 | Q109: ='Simulasi Obligasi'!A49 -> FR0064&FR0097 | R109: ='Simulasi Obligasi'!B49 -> 7 | S109: ='Simulasi Obligasi'!C49 -> 0.14760744 | T109: ='Simulasi Obligasi'!D49 -> 0.85239256 | U109: =AVERAGE(AC3:AC620) -> 1.6302819e-06 | V109: 0.0031661927 | W109: -0.53837742 | X109: 6.467741 | Y109: =X$98 + (1/6)*((X$98^2) - 1)*$W109 + (1/24)*((X$98^3) - 3*X$98)*$X109 - (1/36)*(2*(X$98^3) - 5*X$98)*($W109^2) -> -1.6619233 | Z109: =X$99 + (1/6)*((X$99^2) - 1)*$W109 + (1/24)*((X$99^3) - 3*X$99)*$X109 - (1/36)*(2*(X$99^3) - 5*X$99)*($W109^2) -> -4.1252221 | AA109: =X$100 + (1/6)*((X$100^2) - 1)*$W109 + (1/24)*((X$100^3) - 3*X$100)*$X109 - (1/36)*(2*(X$100^3) - 5*X$100)*($W109^2) -> -0.88801455 | AB109: =K110*$S$108+L110*$T$108 -> 0.0012478064 | AC109: =K110*$S$109+M110*$T$109 -> -0.0037800175 | AD109: =K110*$S$110+N110*$T$110 -> -0.0016917181 | AE109: =L110*$S$111+M110*$T$111 -> -0.0010322815 | AF109: =L110*$S$112+N110*$T$112 -> 5.6100822e-05 | AG109: =M110*$S$113+N110*$T$113 -> -0.0042490215
A110: 45448 | B110: 98.35 | C110: 97.35 | D110: 111.1 | E110: 110.1 | F110: 102.35 | G110: 101.25 | H110: 98.95 | I110: 97.75 | K110: =LN(C110/C109) -> 0 | L110: =LN(E110/E109) -> 0.0013633267 | M110: =LN(G110/G109) -> -0.0044345971 | N110: =LN(H110/H109) -> -0.0020191829 | P110: 3 | Q110: ='Simulasi Obligasi'!A50 -> FR0064&FR00102 | R110: ='Simulasi Obligasi'!B50 -> 7 | S110: ='Simulasi Obligasi'!C50 -> 0.16217689 | T110: ='Simulasi Obligasi'!D50 -> 0.83782311 | U110: =AVERAGE(AE3:AE620) -> -2.6957343e-05 | V110: 0.0024574572 | W110: -0.087544949 | X110: 11.505244 | Y110: =X$98 + (1/6)*((X$98^2) - 1)*$W110 + (1/24)*((X$98^3) - 3*X$98)*$X110 - (1/36)*(2*(X$98^3) - 5*X$98)*($W110^2) -> -1.4374106 | Z110: =X$99 + (1/6)*((X$99^2) - 1)*$W110 + (1/24)*((X$99^3) - 3*X$99)*$X110 - (1/36)*(2*(X$99^3) - 5*X$99)*($W110^2) -> -5.0776215 | AA110: =X$100 + (1/6)*((X$100^2) - 1)*$W110 + (1/24)*((X$100^3) - 3*X$100)*$X110 - (1/36)*(2*(X$100^3) - 5*X$100)*($W110^2) -> -0.45732582 | AB110: =K111*$S$108+L111*$T$108 -> -0.00091876735 | AC110: =K111*$S$109+M111*$T$109 -> -0.00099398865 | AD110: =K111*$S$110+N111*$T$110 -> -0.00016667719 | AE110: =L111*$S$111+M111*$T$111 -> -0.00094151135 | AF110: =L111*$S$112+N111*$T$112 -> -0.00055750456 | AG110: =M111*$S$113+N111*$T$113 -> -0.00091222369
A111: 45449 | B111: 98.25 | C111: 97.25 | D111: 111.6 | E111: 110 | F111: 102.15 | G111: 101.15 | H111: 98.95 | I111: 97.75 | K111: =LN(C111/C110) -> -0.0010277493 | L111: =LN(E111/E110) -> -0.00090867794 | M111: =LN(G111/G110) -> -0.00098814237 | N111: =LN(H111/H110) -> 0 | P111: 4 | Q111: ='Simulasi Obligasi'!A51 -> FR0072&FR0097 | R111: ='Simulasi Obligasi'!B51 -> 7 | S111: ='Simulasi Obligasi'!C51 -> 0.5868162 | T111: ='Simulasi Obligasi'!D51 -> 0.4131838 | U111: =AVERAGE(AD3:AD620) -> 3.2175331e-06 | V111: 0.0026992224 | W111: -0.30110985 | X111: 5.6676386 | Y111: =X$98 + (1/6)*((X$98^2) - 1)*$W111 + (1/24)*((X$98^3) - 3*X$98)*$X111 - (1/36)*(2*(X$98^3) - 5*X$98)*($W111^2) -> -1.6143661 | Z111: =X$99 + (1/6)*((X$99^2) - 1)*$W111 + (1/24)*((X$99^3) - 3*X$99)*$X111 - (1/36)*(2*(X$99^3) - 5*X$99)*($W111^2) -> -3.8386616 | AA111: =X$100 + (1/6)*((X$100^2) - 1)*$W111 + (1/24)*((X$100^3) - 3*X$100)*$X111 - (1/36)*(2*(X$100^3) - 5*X$100)*($W111^2) -> -0.90845287 | AB111: =K112*$S$108+L112*$T$108 -> -0.00037257056 | AC111: =K112*$S$109+M112*$T$109 -> 0.00049711785 | AD111: =K112*$S$110+N112*$T$110 -> -0.00034010379 | AE111: =L112*$S$111+M112*$T$111 -> -6.2602633e-05 | AF111: =L112*$S$112+N112*$T$112 -> -0.00047427534 | AG111: =M112*$S$113+N112*$T$113 -> 0.00041739222
A112: 45450 | B112: 98.3 | C112: 97.3 | D112: 111.05 | E112: 109.95 | F112: 102.3 | G112: 101.2 | H112: 98.9 | I112: 97.8 | K112: =LN(C112/C111) -> 0.00051400669 | L112: =LN(E112/E111) -> -0.00045464879 | M112: =LN(G112/G111) -> 0.00049419324 | N112: =LN(H112/H111) -> -0.00050543342 | P112: 5 | Q112: ='Simulasi Obligasi'!A52 -> FR0072&FR00102 | R112: ='Simulasi Obligasi'!B52 -> 7 | S112: ='Simulasi Obligasi'!C52 -> 0.61353372 | T112: ='Simulasi Obligasi'!D52 -> 0.38646628 | U112: =AVERAGE(AF3:AF620) -> -2.7526769e-05 | V112: 0.0023425278 | W112: -0.39118859 | X112: 4.4155491 | Y112: =X$98 + (1/6)*((X$98^2) - 1)*$W112 + (1/24)*((X$98^3) - 3*X$98)*$X112 - (1/36)*(2*(X$98^3) - 5*X$98)*($W112^2) -> -1.6640684 | Z112: =X$99 + (1/6)*((X$99^2) - 1)*$W112 + (1/24)*((X$99^3) - 3*X$99)*$X112 - (1/36)*(2*(X$99^3) - 5*X$99)*($W112^2) -> -3.5887058 | AA112: =X$100 + (1/6)*((X$100^2) - 1)*$W112 + (1/24)*((X$100^3) - 3*X$100)*$X112 - (1/36)*(2*(X$100^3) - 5*X$100)*($W112^2) -> -1.0126743 | AB112: =K113*$S$108+L113*$T$108 -> -0.0017535228 | AC112: =K113*$S$109+M113*$T$109 -> -0.0060682632 | AD112: =K113*$S$110+N113*$T$110 -> -0.00016676289 | AE112: =L113*$S$111+M113*$T$111 -> -0.0039363166 | AF112: =L113*$S$112+N113*$T$112 -> -0.0011170394 | AG112: =M113*$S$113+N113*$T$113 -> -0.0064077521
A113: 45453 | B113: 98.1 | C113: 97.2 | D113: 110.95 | E113: 109.75 | F113: 101.5 | G113: 100.5 | H113: 98.9 | I113: 97.7 | K113: =LN(C113/C112) -> -0.0010282777 | L113: =LN(E113/E112) -> -0.001820665 | M113: =LN(G113/G112) -> -0.0069410294 | N113: =LN(H113/H112) -> 0 | P113: 6 | Q113: ='Simulasi Obligasi'!A53 -> FR0097&FR00102 | R113: ='Simulasi Obligasi'!B53 -> 7.89 | S113: ='Simulasi Obligasi'!C53 -> 0.9231703 | T113: ='Simulasi Obligasi'!D53 -> 0.076829703 | U113: =AVERAGE(AG3:AG620) -> -6.7253321e-07 | V113: 0.0034230911 | W113: -0.54379572 | X113: 6.6176663 | Y113: =X$98 + (1/6)*((X$98^2) - 1)*$W113 + (1/24)*((X$98^3) - 3*X$98)*$X113 - (1/36)*(2*(X$98^3) - 5*X$98)*($W113^2) -> -1.6603277 | Z113: =X$99 + (1/6)*((X$99^2) - 1)*$W113 + (1/24)*((X$99^3) - 3*X$99)*$X113 - (1/36)*(2*(X$99^3) - 5*X$99)*($W113^2) -> -4.1620503 | AA113: =X$100 + (1/6)*((X$100^2) - 1)*$W113 + (1/24)*((X$100^3) - 3*X$100)*$X113 - (1/36)*(2*(X$100^3) - 5*X$100)*($W113^2) -> -0.87808393 | AB113: =K114*$S$108+L114*$T$108 -> -0.0050174588 | AC113: =K114*$S$109+M114*$T$109 -> -0.0038252535 | AD113: =K114*$S$110+N114*$T$110 -> -0.0068046921 | AE113: =L114*$S$111+M114*$T$111 -> -0.0050711393 | AF113: =L114*$S$112+N114*$T$112 -> -0.0065022025 | AG113: =M114*$S$113+N114*$T$113 -> -0.0047668814
A114: 45454 | B114: 98.1 | C114: 97.2 | D114: 110.45 | E114: 109.15 | F114: 101.15 | G114: 100.05 | H114: 98.1 | I114: 97.1 | K114: =LN(C114/C113) -> 0 | L114: =LN(E114/E113) -> -0.005481969 | M114: =LN(G114/G113) -> -0.0044876665 | N114: =LN(H114/H113) -> -0.0081218721 | AB114: =K115*$S$108+L115*$T$108 -> -0.00024519475 | AC114: =K115*$S$109+M115*$T$109 -> 0.0011549481 | AD114: =K115*$S$110+N115*$T$110 -> 0.0020397158 | AE114: =L115*$S$111+M115*$T$111 -> 0.00014389766 | AF114: =L115*$S$112+N115*$T$112 -> 0.00050598552 | AG114: =M115*$S$113+N115*$T$113 -> 0.0010787242
A115: 45455 | B115: 98.2 | C115: 97.4 | D115: 110.1 | E115: 109.1 | F115: 101.15 | G115: 100.15 | H115: 98.3 | I115: 97.3 | K115: =LN(C115/C114) -> 0.0020554992 | L115: =LN(E115/E114) -> -0.00045819016 | M115: =LN(G115/G114) -> 0.00099900108 | N115: =LN(H115/H114) -> 0.0020366606 | AB115: =K116*$S$108+L116*$T$108 -> 0.00037585658 | AC115: =K116*$S$109+M116*$T$109 -> -0.0005014575 | AD115: =K116*$S$110+N116*$T$110 -> 0.00034277346 | AE115: =L116*$S$111+M116*$T$111 -> 6.2539418e-05 | AF115: =L116*$S$112+N116*$T$112 -> 0.00047764005 | AG115: =M116*$S$113+N116*$T$113 -> -0.00042193963
A116: 45456 | B116: 98.35 | C116: 97.35 | D116: 110.15 | E116: 109.15 | F116: 101.1 | G116: 100.1 | H116: 98.35 | I116: 97.25 | K116: =LN(C116/C115) -> -0.00051347883 | L116: =LN(E116/E115) -> 0.00045819016 | M116: =LN(G116/G115) -> -0.00049937579 | N116: =LN(H116/H115) -> 0.00050851768 | Q116: VaR | R116: 0.01 | S116: 0.05 | T116: 0.1 | AB116: =K117*$S$108+L117*$T$108 -> -0.0041473293 | AC116: =K117*$S$109+M117*$T$109 -> -0.0069240424 | AD116: =K117*$S$110+N117*$T$110 -> -0.0023586102 | AE116: =L117*$S$111+M117*$T$111 -> -0.0048462053 | AF116: =L117*$S$112+N117*$T$112 -> -0.0026456856 | AG116: =M117*$S$113+N117*$T$113 -> -0.0060923184
A117: 45457 | B117: 98.05 | C117: 96.45 | D117: 109.75 | E117: 108.75 | F117: 100.45 | G117: 99.45 | H117: 98.25 | I117: 96.95 | K117: =LN(C117/C116) -> -0.0092879925 | L117: =LN(E117/E116) -> -0.003671413 | M117: =LN(G117/G116) -> -0.006514681 | N117: =LN(H117/H116) -> -0.0010172941 | Q117: =Q108 -> FR0064&FR0072 | R117: =(VaR!U108-VaR!Z108*VaR!V108) -> 0.0084272684 | S117: =(U108-Y108*V108) -> 0.0041203377 | T117: =(U108-AA108*V108) -> 0.0026397321 | AB117: =K118*$S$108+L118*$T$108 -> 0 | AC117: =K118*$S$109+M118*$T$109 -> 0 | AD117: =K118*$S$110+N118*$T$110 -> 0 | AE117: =L118*$S$111+M118*$T$111 -> 0 | AF117: =L118*$S$112+N118*$T$112 -> 0 | AG117: =M118*$S$113+N118*$T$113 -> 0
A118: 45460 | B118: 98.05 | C118: 96.45 | D118: 109.75 | E118: 108.75 | F118: 100.45 | G118: 99.45 | H118: 98.25 | I118: 96.95 | K118: =LN(C118/C117) -> 0 | L118: =LN(E118/E117) -> 0 | M118: =LN(G118/G117) -> 0 | N118: =LN(H118/H117) -> 0 | Q118: =Q109 -> FR0064&FR0097 | R118: =(VaR!U109-VaR!Z109*VaR!V109) -> 0.013062879 | S118: =(U109-Y109*V109) -> 0.0052635998 | T118: =(U109-AA109*V109) -> 0.0028132555 | AB118: =K119*$S$108+L119*$T$108 -> 0 | AC118: =K119*$S$109+M119*$T$109 -> 0 | AD118: =K119*$S$110+N119*$T$110 -> 0 | AE118: =L119*$S$111+M119*$T$111 -> 0 | AF118: =L119*$S$112+N119*$T$112 -> 0 | AG118: =M119*$S$113+N119*$T$113 -> 0
A119: 45461 | B119: 98.05 | C119: 96.45 | D119: 109.75 | E119: 108.75 | F119: 100.45 | G119: 99.45 | H119: 98.25 | I119: 96.95 | K119: =LN(C119/C118) -> 0 | L119: =LN(E119/E118) -> 0 | M119: =LN(G119/G118) -> 0 | N119: =LN(H119/H118) -> 0 | Q119: =Q110 -> FR0064&FR00102 | R119: =(VaR!U110-VaR!Z110*VaR!V110) -> 0.01245108 | S119: =(U110-Y110*V110) -> 0.0035054176 | T119: =(U110-AA110*V110) -> 0.0010969013 | AB119: =K120*$S$108+L120*$T$108 -> -0.0030657726 | AC119: =K120*$S$109+M120*$T$109 -> 0.00096311741 | AD119: =K120*$S$110+N120*$T$110 -> -0.007122637 | AE119: =L120*$S$111+M120*$T$111 -> -0.0019547014 | AF119: =L120*$S$112+N120*$T$112 -> -0.0058172994 | AG119: =M120*$S$113+N120*$T$113 -> -0.00024300553
A120: 45462 | B120: 97.8 | C120: 96.8 | D120: 109.35 | E120: 108.35 | F120: 100.5 | G120: 99.5 | H120: 97.35 | I120: 96.35 | K120: =LN(C120/C119) -> 0.0036222549 | L120: =LN(E120/E119) -> -0.003684942 | M120: =LN(G120/G119) -> 0.00050263886 | N120: =LN(H120/H119) -> -0.0092025189 | Q120: =Q111 -> FR0072&FR0097 | R120: =(VaR!U111-VaR!Z111*VaR!V111) -> 0.010364619 | S120: =(U111-Y111*V111) -> 0.0043607507 | T120: =(U111-AA111*V111) -> 0.0024553338 | AB120: =K121*$S$108+L121*$T$108 -> 0.00071293641 | AC120: =K121*$S$109+M121*$T$109 -> -0.00022890794 | AD120: =K121*$S$110+N121*$T$110 -> 0.0010384491 | AE120: =L121*$S$111+M121*$T$111 -> 0.00054134339 | AF120: =L121*$S$112+N121*$T$112 -> 0.0011610119 | AG120: =M121*$S$113+N121*$T$113 -> 0.00011829056
A121: 45463 | B121: 97.75 | C121: 96.65 | D121: 109.95 | E121: 108.45 | F121: 100.6 | G121: 99.5 | H121: 97.5 | I121: 96.4 | K121: =LN(C121/C120) -> -0.0015507886 | L121: =LN(E121/E120) -> 0.00092250929 | M121: =LN(G121/G120) -> 0 | N121: =LN(H121/H120) -> 0.0015396462 | Q121: =Q112 -> FR0072&FR00102 | R121: =(VaR!U112-VaR!Z112*VaR!V112) -> 0.0083791163 | S121: =(U112-Y112*V112) -> 0.0038705998 | T121: =(U112-AA112*V112) -> 0.0023446909 | AB121: =K122*$S$108+L122*$T$108 -> 0.001571348 | AC121: =K122*$S$109+M122*$T$109 -> -0.0029000427 | AD121: =K122*$S$110+N122*$T$110 -> -0.0024267487 | AE121: =L122*$S$111+M122*$T$111 -> -0.00085330828 | AF121: =L122*$S$112+N122*$T$112 -> -0.00054180282 | AG121: =M122*$S$113+N122*$T$113 -> -0.0039950123
A122: 45464 | B122: 97.9 | C122: 97 | D122: 109.6 | E122: 108.6 | F122: 100.1 | G122: 99.1 | H122: 97.15 | I122: 96.15 | K122: =LN(C122/C121) -> 0.0036147728 | L122: =LN(E122/E121) -> 0.0013821702 | M122: =LN(G122/G121) -> -0.0040282028 | N122: =LN(H122/H121) -> -0.0035962022 | Q122: =Q113 -> FR0097&FR00102 | R122: =(VaR!U113-VaR!Z113*VaR!V113) -> 0.014246405 | S122: =(U113-Y113*V113) -> 0.0056827806 | T122: =(U113-AA113*V113) -> 0.0030050888 | AB122: =K123*$S$108+L123*$T$108 -> -0.00064015912 | AC122: =K123*$S$109+M123*$T$109 -> 0.001766704 | AD122: =K123*$S$110+N123*$T$110 -> -0.00084983302 | AE122: =L123*$S$111+M123*$T$111 -> 0.0007707926 | AF122: =L123*$S$112+N123*$T$112 -> -0.00048149218 | AG122: =M123*$S$113+N123*$T$113 -> 0.0022864011
A123: 45467 | B123: 97.85 | C123: 96.75 | D123: 109.55 | E123: 108.55 | F123: 100.35 | G123: 99.35 | H123: 97.1 | I123: 96 | K123: =LN(C123/C122) -> -0.0025806466 | L123: =LN(E123/E122) -> -0.00046051118 | M123: =LN(G123/G122) -> 0.0025195277 | N123: =LN(H123/H122) -> -0.00051480053 | AB123: =K124*$S$108+L124*$T$108 -> -0.00071229393 | AC123: =K124*$S$109+M124*$T$109 -> 0.0019428854 | AD123: =K124*$S$110+N124*$T$110 -> 0.0028357887 | AE123: =L124*$S$111+M124*$T$111 -> 0.00029009358 | AF123: =L124*$S$112+N124*$T$112 -> 0.00062671592 | AG123: =M124*$S$113+N124*$T$113 -> 0.0020935592
A124: 45468 | B124: 97.9 | C124: 96.9 | D124: 109.55 | E124: 108.45 | F124: 100.55 | G124: 99.55 | H124: 97.4 | I124: 96.4 | K124: =LN(C124/C123) -> 0.001549187 | L124: =LN(E124/E123) -> -0.00092165905 | M124: =LN(G124/G123) -> 0.0020110615 | N124: =LN(H124/H123) -> 0.0030848354 | Q124: Obligasi | R124: JB | S124: p-value | T124: Obligasi | U124: JB | V124: p-value | AB124: =K125*$S$108+L125*$T$108 -> -0.0006696315 | AC124: =K125*$S$109+M125*$T$109 -> -0.00055233066 | AD124: =K125*$S$110+N125*$T$110 -> 0.0016236749 | AE124: =L125*$S$111+M125*$T$111 -> -0.00095660353 | AF124: =L125*$S$112+N125*$T$112 -> 2.872555e-05 | AG124: =M125*$S$113+N125*$T$113 -> -0.00080957954
A125: 45469 | B125: 98.1 | C125: 97.1 | D125: 109.55 | E125: 108.35 | F125: 100.35 | G125: 99.45 | H125: 97.55 | I125: 96.65 | K125: =LN(C125/C124) -> 0.0020618564 | L125: =LN(E125/E124) -> -0.00092250929 | M125: =LN(G125/G124) -> -0.0010050252 | N125: =LN(H125/H124) -> 0.0015388564 | Q125: FR0064 | R125: 1240.224 | S125: 0 | T125: FR0064&FR0097 | U125: 1086.5 | V125: 0 | AB125: =K126*$S$108+L126*$T$108 -> -0.00046610655 | AC125: =K126*$S$109+M126*$T$109 -> -0.00093356538 | AD125: =K126*$S$110+N126*$T$110 -> -0.00094283758 | AE125: =L126*$S$111+M126*$T$111 -> -0.00068653699 | AF125: =L126*$S$112+N126*$T$112 -> -0.0006795669 | AG125: =M126*$S$113+N126*$T$113 -> -0.0010075425
A126: 45470 | B126: 98.05 | C126: 97.05 | D126: 109.4 | E126: 108.3 | F126: 100.45 | G126: 99.35 | H126: 97.45 | I126: 96.45 | K126: =LN(C126/C125) -> -0.00051506568 | L126: =LN(E126/E125) -> -0.00046157398 | M126: =LN(G126/G125) -> -0.0010060363 | N126: =LN(H126/H125) -> -0.0010256411 | Q126: FR0072 | R126: 358.4507 | S126: 0 | T126: FR0064&FR00102 | U126: 3348.831 | V126: 0 | AB126: =K127*$S$108+L127*$T$108 -> 0.00034852155 | AC126: =K127*$S$109+M127*$T$109 -> 0.0044592712 | AD126: =K127*$S$110+N127*$T$110 -> 0.0040990003 | AE126: =L127*$S$111+M127*$T$111 -> 0.0018672662 | AF126: =L127*$S$112+N127*$T$112 -> 0.0015830694 | AG126: =M127*$S$113+N127*$T$113 -> 0.0044867195
A127: 45471 | B127: 98.45 | C127: 97.45 | D127: 109.7 | E127: 108.3 | F127: 100.8 | G127: 99.8 | H127: 97.85 | I127: 96.75 | K127: =LN(C127/C126) -> 0.0041131163 | L127: =LN(E127/E126) -> 0 | M127: =LN(G127/G126) -> 0.0045192143 | N127: =LN(H127/H126) -> 0.0040962679 | Q127: FR0097 | R127: 1160.038 | S127: 0 | T127: FR0072&FR0097 | U127: 820.3795 | V127: 0 | AB127: =K128*$S$108+L128*$T$108 -> 0.004969734 | AC127: =K128*$S$109+M128*$T$109 -> -0.0010060766 | AD127: =K128*$S$110+N128*$T$110 -> 0.00068928881 | AE127: =L128*$S$111+M128*$T$111 -> 0.0028278673 | AF127: =L128*$S$112+N128*$T$112 -> 0.0037844539 | AG127: =M128*$S$113+N128*$T$113 -> -0.00084700634
A128: 45474 | B128: 98.35 | C128: 97.35 | D128: 110.1 | E128: 108.9 | F128: 100.8 | G128: 99.7 | H128: 97.95 | I128: 96.85 | K128: =LN(C128/C127) -> -0.0010266941 | L128: =LN(E128/E127) -> 0.0055248759 | M128: =LN(G128/G127) -> -0.0010025063 | N128: =LN(H128/H127) -> 0.0010214505 | Q128: FR00102 | R128: 4112.569 | S128: 0 | T128: FR0072&FR00102 | U128: 507.5549 | V128: 0 | AB128: =K129*$S$108+L129*$T$108 -> -0.0033680473 | AC128: =K129*$S$109+M129*$T$109 -> 0.00042737156 | AD128: =K129*$S$110+N129*$T$110 -> -0.0017124648 | AE128: =L129*$S$111+M129*$T$111 -> -0.0019522381 | AF128: =L129*$S$112+N129*$T$112 -> -0.0030476324 | AG128: =M129*$S$113+N129*$T$113 -> 0.00030582229
A129: 45475 | B129: 98.35 | C129: 97.35 | D129: 110 | E129: 108.5 | F129: 100.75 | G129: 99.75 | H129: 97.75 | I129: 96.65 | K129: =LN(C129/C128) -> 0 | L129: =LN(E129/E128) -> -0.003679857 | M129: =LN(G129/G128) -> 0.0005013788 | N129: =LN(H129/H128) -> -0.0020439455 | Q129: FR0064&FR0072 | R129: 345.577 | S129: 0 | T129: FR0097&FR00102 | U129: 1136.734 | V129: 0 | AB129: =K130*$S$108+L130*$T$108 -> 0.0024401112 | AC129: =K130*$S$109+M130*$T$109 -> -0.001006661 | AD129: =K130*$S$110+N130*$T$110 -> -0.00059534085 | AE129: =L130*$S$111+M130*$T$111 -> 0.0012058671 | AF129: =L130*$S$112+N130*$T$112 -> 0.0014963341 | AG129: =M130*$S$113+N130*$T$113 -> -0.00096525735
A130: 45476 | B130: 98.25 | C130: 97.25 | D130: 109.9 | E130: 108.8 | F130: 100.65 | G130: 99.65 | H130: 97.7 | I130: 96.7 | K130: =LN(C130/C129) -> -0.0010277493 | L130: =LN(E130/E129) -> 0.0027611614 | M130: =LN(G130/G129) -> -0.0010030091 | N130: =LN(H130/H129) -> -0.00051163982 | AB130: =K131*$S$108+L131*$T$108 -> -0.00079806986 | AC130: =K131*$S$109+M131*$T$109 -> -0.00035192933 | AD130: =K131*$S$110+N131*$T$110 -> 0.0013686936 | AE130: =L131*$S$111+M131*$T$111 -> -0.00074697068 | AF130: =L131*$S$112+N131*$T$112 -> 2.8722379e-05 | AG130: =M131*$S$113+N131*$T$113 -> -0.0003454555
A131: 45477 | B131: 98.3 | C131: 97.3 | D131: 109.9 | E131: 108.7 | F131: 100.6 | G131: 99.6 | H131: 97.85 | I131: 96.85 | K131: =LN(C131/C130) -> 0.00051400669 | L131: =LN(E131/E130) -> -0.00091954029 | M131: =LN(G131/G130) -> -0.00050188207 | N131: =LN(H131/H130) -> 0.0015341348 | AB131: =K132*$S$108+L132*$T$108 -> -0.00037757073 | AC131: =K132*$S$109+M132*$T$109 -> 0.00050363277 | AD131: =K132*$S$110+N132*$T$110 -> 8.3317183e-05 | AE131: =L132*$S$111+M132*$T$111 -> -6.2617212e-05 | AF131: =L132*$S$112+N132*$T$112 -> -0.00028227915 | AG131: =M132*$S$113+N132*$T$113 -> 0.00046332262
A132: 45478 | B132: 98.25 | C132: 97.35 | D132: 109.85 | E132: 108.65 | F132: 100.55 | G132: 99.65 | H132: 97.85 | I132: 96.85 | K132: =LN(C132/C131) -> 0.00051374263 | L132: =LN(E132/E131) -> -0.00046008742 | M132: =LN(G132/G131) -> 0.00050188207 | N132: =LN(H132/H131) -> 0 | AB132: =K133*$S$108+L133*$T$108 -> 0.0013497222 | AC132: =K133*$S$109+M133*$T$109 -> 0.0010065052 | AD132: =K133*$S$110+N133*$T$110 -> 0.0044367656 | AE132: =L133*$S$111+M133*$T$111 -> 0.001224015 | AF132: =L133*$S$112+N133*$T$112 -> 0.0028162092 | AG132: =M133*$S$113+N133*$T$113 -> 0.0013175378
A133: 45481 | B133: 98.55 | C133: 97.45 | D133: 110.3 | E133: 108.8 | F133: 100.75 | G133: 99.75 | H133: 98.35 | I133: 97.25 | K133: =LN(C133/C132) -> 0.0010266941 | L133: =LN(E133/E132) -> 0.0013796277 | M133: =LN(G133/G132) -> 0.0010030091 | N133: =LN(H133/H132) -> 0.005096851 | Q133: VaR | R133: 0.01 | S133: 0.05 | T133: 0.1 | AB133: =K134*$S$108+L134*$T$108 -> 0.0016809294 | AC133: =K134*$S$109+M134*$T$109 -> 0 | AD133: =K134*$S$110+N134*$T$110 -> -0.006413579 | AE133: =L134*$S$111+M134*$T$111 -> 0.001077716 | AF133: =L134*$S$112+N134*$T$112 -> -0.0018316352 | AG133: =M134*$S$113+N134*$T$113 -> -0.00058813533
A134: 45482 | B134: 98.35 | C134: 97.45 | D134: 110 | E134: 109 | F134: 100.75 | G134: 99.75 | H134: 97.6 | I134: 96.5 | K134: =LN(C134/C133) -> 0 | L134: =LN(E134/E133) -> 0.0018365478 | M134: =LN(G134/G133) -> 0 | N134: =LN(H134/H133) -> -0.0076550514 | Q134: FR0064&FR0072 | R134: 0.0084272684 | S134: 0.0041203377 | T134: 0.0026397321 | AB134: =K135*$S$108+L135*$T$108 -> -0.0021016446 | AC134: =K135*$S$109+M135*$T$109 -> -0.0021390038 | AD134: =K135*$S$110+N135*$T$110 -> 0 | AE134: =L135*$S$111+M135*$T$111 -> -0.0023843028 | AF134: =L135*$S$112+N135*$T$112 -> -0.0014088037 | AG134: =M135*$S$113+N135*$T$113 -> -0.0023166143
A135: 45483 | B135: 98.35 | C135: 97.45 | D135: 109.75 | E135: 108.75 | F135: 100.5 | G135: 99.5 | H135: 97.6 | I135: 96.5 | K135: =LN(C135/C134) -> 0 | L135: =LN(E135/E134) -> -0.0022962123 | M135: =LN(G135/G134) -> -0.0025094116 | N135: =LN(H135/H134) -> 0 | Q135: FR0064&FR0097 | R135: 0.013062879 | S135: 0.0052635998 | T135: 0.0028132555 | AB135: =K136*$S$108+L136*$T$108 -> 0.0012615658 | AC135: =K136*$S$109+M136*$T$109 -> 0.0021390038 | AD135: =K136*$S$110+N136*$T$110 -> 0.0021433194 | AE135: =L136*$S$111+M136*$T$111 -> 0.0018456922 | AF135: =L136*$S$112+N136*$T$112 -> 0.0018343285 | AG135: =M136*$S$113+N136*$T$113 -> 0.00251316
A136: 45484 | B136: 98.35 | C136: 97.45 | D136: 110.2 | E136: 108.9 | F136: 100.75 | G136: 99.75 | H136: 97.85 | I136: 96.75 | K136: =LN(C136/C135) -> 0 | L136: =LN(E136/E135) -> 0.00137836 | M136: =LN(G136/G135) -> 0.0025094116 | N136: =LN(H136/H135) -> 0.0025582004 | Q136: FR0064&FR00102 | R136: 0.01245108 | S136: 0.0035054176 | T136: 0.0010969013 | AB136: =K137*$S$108+L137*$T$108 -> 0.0037742974 | AC136: =K137*$S$109+M137*$T$109 -> 0.0034112804 | AD136: =K137*$S$110+N137*$T$110 -> 0.0025647666 | AE136: =L137*$S$111+M137*$T$111 -> 0.0040734282 | AF136: =L137*$S$112+N137*$T$112 -> 0.0037131005 | AG136: =M137*$S$113+N137*$T$113 -> 0.0039297265
A137: 45485 | B137: 98.35 | C137: 97.45 | D137: 110.25 | E137: 109.35 | F137: 101.05 | G137: 100.15 | H137: 98.15 | I137: 97.05 | K137: =LN(C137/C136) -> 0 | L137: =LN(E137/E136) -> 0.0041237172 | M137: =LN(G137/G136) -> 0.0040020063 | N137: =LN(H137/H136) -> 0.0030612269 | Q137: FR0072&FR0097 | R137: 0.010364619 | S137: 0.0043607507 | T137: 0.0024553338 | AB137: =K138*$S$108+L138*$T$108 -> -0.0012563706 | AC137: =K138*$S$109+M138*$T$109 -> -0.0034112804 | AD137: =K138*$S$110+N138*$T$110 -> 0.00085318043 | AE137: =L138*$S$111+M138*$T$111 -> -0.0024590773 | AF137: =L138*$S$112+N138*$T$112 -> -0.0004486376 | AG137: =M138*$S$113+N138*$T$113 -> -0.0036162954
A138: 45488 | B138: 98.35 | C138: 97.45 | D138: 110.2 | E138: 109.2 | F138: 100.75 | G138: 99.75 | H138: 98.25 | I138: 97.25 | K138: =LN(C138/C137) -> 0 | L138: =LN(E138/E137) -> -0.0013726838 | M138: =LN(G138/G137) -> -0.0040020063 | N138: =LN(H138/H137) -> 0.00101833 | Q138: FR0072&FR00102 | R138: 0.0083791163 | S138: 0.0038705998 | T138: 0.0023446909 | AB138: =K139*$S$108+L139*$T$108 -> -0.00096906717 | AC138: =K139*$S$109+M139*$T$109 -> -0.00065475149 | AD138: =K139*$S$110+N139*$T$110 -> -0.0015299199 | AE138: =L139*$S$111+M139*$T$111 -> -0.00074478527 | AF138: =L139*$S$112+N139*$T$112 -> -0.0011525772 | AG138: =M139*$S$113+N139*$T$113 -> -0.00058024491
A139: 45489 | B139: 98.3 | C139: 97.3 | D139: 110.2 | E139: 109.1 | F139: 100.7 | G139: 99.7 | H139: 98.1 | I139: 97 | K139: =LN(C139/C138) -> -0.0015404368 | L139: =LN(E139/E138) -> -0.00091617047 | M139: =LN(G139/G138) -> -0.0005013788 | N139: =LN(H139/H138) -> -0.0015278842 | Q139: FR0097&FR00102 | R139: 0.014246405 | S139: 0.0056827806 | T139: 0.0030050888 | AB139: =K140*$S$108+L140*$T$108 -> 0.0023557646 | AC139: =K140*$S$109+M140*$T$109 -> 0.003441521 | AD139: =K140*$S$110+N140*$T$110 -> 0.0030575027 | AE139: =L140*$S$111+M140*$T$111 -> 0.0027910915 | AF139: =L140*$S$112+N140*$T$112 -> 0.0025843399 | AG139: =M140*$S$113+N140*$T$113 -> 0.003469738
A140: 45490 | B140: 98.6 | C140: 97.6 | D140: 110.35 | E140: 109.35 | F140: 101.05 | G140: 100.05 | H140: 98.4 | I140: 97.4 | K140: =LN(C140/C139) -> 0.0030785042 | L140: =LN(E140/E139) -> 0.0022888543 | M140: =LN(G140/G139) -> 0.0035043841 | N140: =LN(H140/H139) -> 0.0030534375 | AB140: =K141*$S$108+L141*$T$108 -> 0 | AC140: =K141*$S$109+M141*$T$109 -> -0.00042608976 | AD140: =K141*$S$110+N141*$T$110 -> 0.0008510139 | AE140: =L141*$S$111+M141*$T$111 -> -0.00020654027 | AF140: =L141*$S$112+N141*$T$112 -> 0.00039255085 | AG140: =M141*$S$113+N141*$T$113 -> -0.00038343047
A141: 45491 | B141: 98.6 | C141: 97.6 | D141: 110.45 | E141: 109.35 | F141: 101 | G141: 100 | H141: 98.5 | I141: 97.5 | K141: =LN(C141/C140) -> 0 | L141: =LN(E141/E140) -> 0 | M141: =LN(G141/G140) -> -0.00049987504 | N141: =LN(H141/H140) -> 0.0010157441 | Q141: VaR | R141: Metode Perhitungan | S141: alpha = 5% | T141: Estimasi VaR (Rupiah) | AB141: =K142*$S$108+L142*$T$108 -> 0.00079320326 | AC141: =K142*$S$109+M142*$T$109 -> -0.0017821301 | AD141: =K142*$S$110+N142*$T$110 -> -0.0017859968 | AE141: =L142*$S$111+M142*$T$111 -> -0.00029079998 | AF141: =L142*$S$112+N142*$T$112 -> -0.00022468386 | AG141: =M142*$S$113+N142*$T$113 -> -0.0020043474
A142: 45492 | B142: 98.45 | C142: 97.55 | D142: 110.45 | E142: 109.45 | F142: 100.7 | G142: 99.8 | H142: 98.3 | I142: 97.3 | K142: =LN(C142/C141) -> -0.00051242635 | L142: =LN(E142/E141) -> 0.00091407685 | M142: =LN(G142/G141) -> -0.0020020027 | N142: =LN(H142/H141) -> -0.002032521 | Q142: FR0064&FR0072 | R142: Cornish-Fisher | S142: 0.0041203377 | T142: =S142*'Simulasi Obligasi'!D76 -> 721679.21 | AB142: =K143*$S$108+L143*$T$108 -> -0.001674012 | AC142: =K143*$S$109+M143*$T$109 -> -0.0034232679 | AD142: =K143*$S$110+N143*$T$110 -> -0.003416205 | AE142: =L143*$S$111+M143*$T$111 -> -0.0027326559 | AF142: =L143*$S$112+N143*$T$112 -> -0.0026979546 | AG142: =M143*$S$113+N143*$T$113 -> -0.0040207876
A143: 45495 | B143: 98.45 | C143: 97.55 | D143: 110.25 | E143: 109.25 | F143: 100.3 | G143: 99.4 | H143: 97.9 | I143: 97 | K143: =LN(C143/C142) -> 0 | L143: =LN(E143/E142) -> -0.00182899 | M143: =LN(G143/G142) -> -0.0040160697 | N143: =LN(H143/H142) -> -0.0040774776 | Q143: FR0064&FR0097 | R143: Cornish-Fisher | S143: 0.0052635998 | T143: =S143*'Simulasi Obligasi'!D77 -> 920699.82 | AB143: =K144*$S$108+L144*$T$108 -> 0 | AC143: =K144*$S$109+M144*$T$109 -> 0.00042866109 | AD143: =K144*$S$110+N144*$T$110 -> 0.0012827098 | AE143: =L144*$S$111+M144*$T$111 -> 0.00020778668 | AF143: =L144*$S$112+N144*$T$112 -> 0.00059168107 | AG143: =M144*$S$113+N144*$T$113 -> 0.00058188114
A144: 45496 | B144: 98.45 | C144: 97.55 | D144: 110.25 | E144: 109.25 | F144: 100.45 | G144: 99.45 | H144: 98.05 | I144: 96.75 | K144: =LN(C144/C143) -> 0 | L144: =LN(E144/E143) -> 0 | M144: =LN(G144/G143) -> 0.00050289164 | N144: =LN(H144/H143) -> 0.0015310031 | Q144: FR0064&FR00102 | R144: Cornish-Fisher | S144: 0.0035054176 | T144: =S144*'Simulasi Obligasi'!D78 -> 613175.43 | AB144: =K145*$S$108+L145*$T$108 -> -0.0025167729 | AC144: =K145*$S$109+M145*$T$109 -> -0.00085753786 | AD144: =K145*$S$110+N145*$T$110 -> -0.0034249332 | AE144: =L145*$S$111+M145*$T$111 -> -0.002029289 | AF144: =L145*$S$112+N145*$T$112 -> -0.0032669119 | AG144: =M145*$S$113+N145*$T$113 -> -0.0012428146
A145: 45497 | B145: 98.45 | C145: 97.55 | D145: 110.25 | E145: 108.95 | F145: 100.35 | G145: 99.35 | H145: 97.65 | I145: 96.65 | K145: =LN(C145/C144) -> 0 | L145: =LN(E145/E144) -> -0.0027497726 | M145: =LN(G145/G144) -> -0.0010060363 | N145: =LN(H145/H144) -> -0.0040878953 | Q145: FR0072&FR0097 | R145: Cornish-Fisher | S145: 0.0043607507 | T145: =S145*'Simulasi Obligasi'!D79 -> 762389.63 | AB145: =K146*$S$108+L146*$T$108 -> 0.00083969347 | AC145: =K146*$S$109+M146*$T$109 -> 0 | AD145: =K146*$S$110+N146*$T$110 -> 0 | AE145: =L146*$S$111+M146*$T$111 -> 0.00053836352 | AF145: =L146*$S$112+N146*$T$112 -> 0.00056287502 | AG145: =M146*$S$113+N146*$T$113 -> 0
A146: 45498 | B146: 98.45 | C146: 97.55 | D146: 110.15 | E146: 109.05 | F146: 100.35 | G146: 99.35 | H146: 97.65 | I146: 96.65 | K146: =LN(C146/C145) -> 0 | L146: =LN(E146/E145) -> 0.00091743126 | M146: =LN(G146/G145) -> 0 | N146: =LN(H146/H145) -> 0 | Q146: FR0072&FR00102 | R146: Cornish-Fisher | S146: 0.0038705998 | T146: =S146*'Simulasi Obligasi'!D80 -> 676688.07 | AB146: =K147*$S$108+L147*$T$108 -> 0.00013019339 | AC146: =K147*$S$109+M147*$T$109 -> 0.0019410115 | AD146: =K147*$S$110+N147*$T$110 -> 0.0019634002 | AE146: =L147*$S$111+M147*$T$111 -> 0.00083093804 | AF146: =L147*$S$112+N147*$T$112 -> 0.00079072411 | AG146: =M147*$S$113+N147*$T$113 -> 0.0020137486
A147: 45499 | B147: 98.6 | C147: 97.7 | D147: 110.15 | E147: 109.05 | F147: 100.45 | G147: 99.55 | H147: 97.85 | I147: 96.75 | K147: =LN(C147/C146) -> 0.001536492 | L147: =LN(E147/E146) -> 0 | M147: =LN(G147/G146) -> 0.0020110615 | N147: =LN(H147/H146) -> 0.0020460365 | Q147: FR0097&FR00102 | R147: Cornish-Fisher | S147: 0.0056827806 | T147: =S147*'Simulasi Obligasi'!D81 -> 991975.6 | AB147: =K148*$S$108+L148*$T$108 -> 0.0025578215 | AC147: =K148*$S$109+M148*$T$109 -> 0.0043460346 | AD147: =K148*$S$110+N148*$T$110 -> 0.0022208265 | AE147: =L148*$S$111+M148*$T$111 -> 0.0036821969 | AF147: =L148*$S$112+N148*$T$112 -> 0.0026716687 | AG147: =M148*$S$113+N148*$T$113 -> 0.0048211556
A148: 45502 | B148: 98.65 | C148: 97.75 | D148: 110.45 | E148: 109.35 | F148: 100.85 | G148: 100.05 | H148: 98.1 | I148: 97 | K148: =LN(C148/C147) -> 0.00051163982 | L148: =LN(E148/E147) -> 0.0027472545 | M148: =LN(G148/G147) -> 0.0050100305 | N148: =LN(H148/H147) -> 0.0025516727 | AB148: =K149*$S$108+L149*$T$108 -> 0 | AC148: =K149*$S$109+M149*$T$109 -> 0.00042587688 | AD148: =K149*$S$110+N149*$T$110 -> 0.0012800967 | AE148: =L149*$S$111+M149*$T$111 -> 0.00020643708 | AF148: =L149*$S$112+N149*$T$112 -> 0.00059047571 | AG148: =M149*$S$113+N149*$T$113 -> 0.00057862612
A149: 45503 | B149: 98.65 | C149: 97.75 | D149: 110.55 | E149: 109.35 | F149: 101 | G149: 100.1 | H149: 98.25 | I149: 97.15 | K149: =LN(C149/C148) -> 0 | L149: =LN(E149/E148) -> 0 | M149: =LN(G149/G148) -> 0.00049962529 | N149: =LN(H149/H148) -> 0.0015278842 | AB149: =K150*$S$108+L150*$T$108 -> 0.0017591228 | AC149: =K150*$S$109+M150*$T$109 -> 0.0018523108 | AD149: =K150*$S$110+N150*$T$110 -> 0.0052667425 | AE149: =L150*$S$111+M150*$T$111 -> 0.0018970188 | AF149: =L150*$S$112+N150*$T$112 -> 0.003474044 | AG149: =M150*$S$113+N150*$T$113 -> 0.0023104181
A150: 45504 | B150: 98.85 | C150: 97.85 | D150: 110.65 | E150: 109.55 | F150: 101.1 | G150: 100.3 | H150: 98.85 | I150: 97.75 | K150: =LN(C150/C149) -> 0.001022495 | L150: =LN(E150/E149) -> 0.0018273189 | M150: =LN(G150/G149) -> 0.0019960086 | N150: =LN(H150/H149) -> 0.0060882989 | AB150: =K151*$S$108+L151*$T$108 -> 0.0017992265 | AC150: =K151*$S$109+M151*$T$109 -> 0.0040418431 | AD150: =K151*$S$110+N151*$T$110 -> 0.004475589 | AE150: =L151*$S$111+M151*$T$111 -> 0.0029199642 | AF150: =L151*$S$112+N151*$T$112 -> 0.0030689613 | AG150: =M151*$S$113+N151*$T$113 -> 0.0045202153
A151: 45505 | B151: 99 | C151: 98 | D151: 110.85 | E151: 109.75 | F151: 101.65 | G151: 100.75 | H151: 99.35 | I151: 98.05 | K151: =LN(C151/C150) -> 0.0015317848 | L151: =LN(E151/E150) -> 0.0018239859 | M151: =LN(G151/G150) -> 0.0044765059 | N151: =LN(H151/H150) -> 0.0050454194 | AB151: =K152*$S$108+L152*$T$108 -> 0.0025848717 | AC151: =K152*$S$109+M152*$T$109 -> 0.00015054305 | AD151: =K152*$S$110+N152*$T$110 -> -0.0015229069 | AE151: =L152*$S$111+M152*$T$111 -> 0.001601865 | AF151: =L152*$S$112+N152*$T$112 -> 0.00089602376 | AG151: =M152*$S$113+N152*$T$113 -> -0.00015482061
A152: 45506 | B152: 99 | C152: 98.1 | D152: 111.05 | E152: 110.05 | F152: 101.75 | G152: 100.75 | H152: 99.15 | I152: 98.05 | K152: =LN(C152/C151) -> 0.0010198879 | L152: =LN(E152/E151) -> 0.002729756 | M152: =LN(G152/G151) -> 0 | N152: =LN(H152/H151) -> -0.002015114 | AB152: =K153*$S$108+L153*$T$108 -> 0.00096076818 | AC152: =K153*$S$109+M153*$T$109 -> 0.0023380252 | AD152: =K153*$S$110+N153*$T$110 -> -0.00059764456 | AE152: =L153*$S$111+M153*$T$111 -> 0.0015569848 | AF152: =L153*$S$112+N153*$T$112 -> 0.00016727528 | AG152: =M153*$S$113+N153*$T$113 -> 0.0022103803
A153: 45509 | B153: 99.25 | C153: 98.25 | D153: 111.25 | E153: 110.15 | F153: 101.9 | G153: 101 | H153: 99.05 | I153: 97.75 | K153: =LN(C153/C152) -> 0.0015278842 | L153: =LN(E153/E152) -> 0.00090826528 | M153: =LN(G153/G152) -> 0.002478316 | N153: =LN(H153/H152) -> -0.0010090818 | AB153: =K154*$S$108+L154*$T$108 -> 0 | AC153: =K154*$S$109+M154*$T$109 -> 0 | AD153: =K154*$S$110+N154*$T$110 -> 0 | AE153: =L154*$S$111+M154*$T$111 -> 0 | AF153: =L154*$S$112+N154*$T$112 -> 0 | AG153: =M154*$S$113+N154*$T$113 -> 0
A154: 45510 | B154: 99.25 | C154: 98.25 | D154: 111.25 | E154: 110.15 | F154: 101.85 | G154: 101 | H154: 99.05 | I154: 97.95 | K154: =LN(C154/C153) -> 0 | L154: =LN(E154/E153) -> 0 | M154: =LN(G154/G153) -> 0 | N154: =LN(H154/H153) -> 0 | AB154: =K155*$S$108+L155*$T$108 -> -0.00087443686 | AC154: =K155*$S$109+M155*$T$109 -> -0.00091950851 | AD154: =K155*$S$110+N155*$T$110 -> -8.2553777e-05 | AE154: =L155*$S$111+M155*$T$111 -> -0.0009422803 | AF154: =L155*$S$112+N155*$T$112 -> -0.00055725138 | AG154: =M155*$S$113+N155*$T$113 -> -0.00091448279
A155: 45511 | B155: 99.05 | C155: 98.2 | D155: 111.65 | E155: 110.05 | F155: 101.8 | G155: 100.9 | H155: 99.05 | I155: 98.05 | K155: =LN(C155/C154) -> -0.00050903539 | L155: =LN(E155/E154) -> -0.00090826528 | M155: =LN(G155/G154) -> -0.00099058948 | N155: =LN(H155/H154) -> 0 | AB155: =K156*$S$108+L156*$T$108 -> -4.3154665e-05 | AC155: =K156*$S$109+M156*$T$109 -> 0.002876471 | AD155: =K156*$S$110+N156*$T$110 -> 0.0024511453 | AE155: =L156*$S$111+M156*$T$111 -> 0.001430764 | AF155: =L156*$S$112+N156*$T$112 -> 0.0011687497 | AG155: =M156*$S$113+N156*$T$113 -> 0.0034290824
A156: 45512 | B156: 99.25 | C156: 98.15 | D156: 111.65 | E156: 110.05 | F156: 102.25 | G156: 101.25 | H156: 99.35 | I156: 98.15 | K156: =LN(C156/C155) -> -0.00050929464 | L156: =LN(E156/E155) -> 0 | M156: =LN(G156/G155) -> 0.0034627786 | N156: =LN(H156/H155) -> 0.0030241959 | AB156: =K157*$S$108+L157*$T$108 -> 0.0017050086 | AC156: =K157*$S$109+M157*$T$109 -> 0.0038551932 | AD156: =K157*$S$110+N157*$T$110 -> -0.0016057133 | AE156: =L157*$S$111+M157*$T$111 -> 0.0028977896 | AF156: =L157*$S$112+N157*$T$112 -> 0.00033522347 | AG156: =M157*$S$113+N157*$T$113 -> 0.0039390677
A157: 45513 | B157: 99.25 | C157: 98.2 | D157: 111.35 | E157: 110.25 | F157: 102.5 | G157: 101.7 | H157: 99.15 | I157: 98.35 | K157: =LN(C157/C156) -> 0.00050929464 | L157: =LN(E157/E156) -> 0.0018157064 | M157: =LN(G157/G156) -> 0.0044345971 | N157: =LN(H157/H156) -> -0.002015114 | AB157: =K158*$S$108+L158*$T$108 -> -0.0012892622 | AC157: =K158*$S$109+M158*$T$109 -> -0.0013333199 | AD157: =K158*$S$110+N158*$T$110 -> -8.2595822e-05 | AE157: =L158*$S$111+M158*$T$111 -> -0.0014087985 | AF157: =L158*$S$112+N158*$T$112 -> -0.00083530813 | AG157: =M158*$S$113+N158*$T$113 -> -0.0013626132
A158: 45516 | B158: 99.25 | C158: 98.15 | D158: 111.75 | E158: 110.1 | F158: 102.5 | G158: 101.55 | H158: 99.15 | I158: 98.35 | K158: =LN(C158/C157) -> -0.00050929464 | L158: =LN(E158/E157) -> -0.0013614706 | M158: =LN(G158/G157) -> -0.001476015 | N158: =LN(H158/H157) -> 0 | AB158: =K159*$S$108+L159*$T$108 -> 0.0058007082 | AC158: =K159*$S$109+M159*$T$109 -> 0.0016771133 | AD158: =K159*$S$110+N159*$T$110 -> 0.00084457982 | AE158: =L159*$S$111+M159*$T$111 -> 0.0045320371 | AF158: =L159*$S$112+N159*$T$112 -> 0.0042779944 | AG158: =M159*$S$113+N159*$T$113 -> 0.0018938204
A159: 45517 | B159: 99.15 | C159: 98.15 | D159: 111.95 | E159: 110.8 | F159: 102.55 | G159: 101.75 | H159: 99.25 | I159: 98.35 | K159: =LN(C159/C158) -> 0 | L159: =LN(E159/E158) -> 0.0063377306 | M159: =LN(G159/G158) -> 0.0019675363 | N159: =LN(H159/H158) -> 0.0010080646 | AB159: =K160*$S$108+L160*$T$108 -> 4.3154665e-05 | AC159: =K160*$S$109+M160*$T$109 -> 0.0034195353 | AD159: =K160*$S$110+N160*$T$110 -> 0.0013478713 | AE159: =L160*$S$111+M160*$T$111 -> 0.0016211254 | AF159: =L160*$S$112+N160*$T$112 -> 0.00058363909 | AG159: =M160*$S$113+N160*$T$113 -> 0.0037380836
... A618: 46160 | B618: 99.75 | C618: 98.95 | D618: 110.65 | E618: 109.55 | F618: 102.5 | G618: 101 | H618: 100.3 | I618: 98.8 | K618: =LN(C618/C617) -> -0.0030272475 | L618: =LN(E618/E617) -> -0.0018239859 | M618: =LN(G618/G617) -> 0.002478316 | N618: =LN(H618/H617) -> 0.00099750632 | AB618: =K619*$S$108+L619*$T$108 -> -0.0016724825 | AC618: =K619*$S$109+M619*$T$109 -> 0.0058872932 | AD618: =K619*$S$110+N619*$T$110 -> -0.0016723022 | AE618: =L619*$S$111+M619*$T$111 -> 0.0017814718 | AF618: =L619*$S$112+N619*$T$112 -> -0.0018925118 | AG618: =M619*$S$113+N619*$T$113 -> 0.0062227871
A619: 46161 | B619: 99.75 | C619: 98.95 | D619: 110.45 | E619: 109.35 | F619: 103.2 | G619: 101.7 | H619: 100.1 | I619: 98.6 | K619: =LN(C619/C618) -> 0 | L619: =LN(E619/E618) -> -0.0018273189 | M619: =LN(G619/G618) -> 0.0069067862 | N619: =LN(H619/H618) -> -0.0019960086 | AB619: =K623*$S$108+L623*$T$108 -> -0.0031056585 | AC619: =K623*$S$109+M623*$T$109 -> -0.0011372059 | AD619: =K623*$S$110+N623*$T$110 -> -0.0045235448 | AE619: =L623*$S$111+M623*$T$111 -> -0.0022877304 | AF619: =L623*$S$112+N623*$T$112 -> -0.0039021445 | AG619: =M623*$S$113+N623*$T$113 -> -0.0012929117
AB620: =K621*$S$108+L621*$T$108 -> 0 | AC620: =K621*$S$109+M621*$T$109 -> 0 | AD620: =K621*$S$110+N621*$T$110 -> 0 | AE620: =L621*$S$111+M621*$T$111 -> 0 | AF620: =L621*$S$112+N621*$T$112 -> 0 | AG620: =M621*$S$113+N621*$T$113 -> 0
AA622: Std dev | AB622: =_xlfn.STDEV.S(AB3:AB620) -> 0.0026385302 | AC622: =_xlfn.STDEV.S(AC3:AC620) -> 0.0031661927 | AD622: =_xlfn.STDEV.S(AD3:AD620) -> 0.0024574572 | AE622: =_xlfn.STDEV.S(AE3:AE620) -> 0.0026992224 | AF622: =_xlfn.STDEV.S(AF3:AF620) -> 0.0023425278 | AG622: =_xlfn.STDEV.S(AG3:AG620) -> 0.0034230911
A623: 46162 | B623: 99.55 | C623: 98.75 | D623: 110.1 | E623: 109 | F623: 103.1 | G623: 101.6 | H623: 99.6 | I623: 98.1 | K623: =LN(C623/C619) -> -0.0020232683 | L623: =LN(E623/E619) -> -0.0032058649 | M623: =LN(G623/G619) -> -0.00098376791 | N623: =LN(H623/H619) -> -0.0050075217 | AA623: skewness | AB623: =_xlfn.SKEW.P(AB3:AB620) -> -0.023645706 | AC623: =_xlfn.SKEW.P(AC3:AC620) -> -0.53837742 | AD623: =_xlfn.SKEW.P(AD3:AD620) -> -0.087544949 | AE623: =_xlfn.SKEW.P(AE3:AE620) -> -0.30110985 | AF623: =_xlfn.SKEW.P(AF3:AF620) -> -0.39118859 | AG623: =_xlfn.SKEW.P(AG3:AG620) -> -0.54379572
AA624: kurtosis | AB624: =KURT(AB3:AB620) -> 3.7026721 | AC624: =KURT(AC3:AC620) -> 6.467741 | AD624: =KURT(AD3:AD620) -> 11.505244 | AE624: =KURT(AE3:AE620) -> 5.6676386 | AF624: =KURT(AF3:AF620) -> 4.4155491 | AG624: =KURT(AG3:AG620) -> 6.6176663

Sheet Korelasi
B1: FR0064 | C1: FR0072 | D1: FR0097 | E1: FR00102
A2: FR0064 | B2: 1
A3: FR0072 | B3: 0.39483179 | C3: 1
A4: FR0097 | B4: 0.37912712 | C4: 0.4772089 | D4: 1
A5: FR00102 | B5: 0.2576459 | C5: 0.34139518 | D5: 0.45351329 | E5: 1

Sheet Backtesting
A10: Total hari | C10: =COUNT(VaR!AB3:AB620) -> 618 | D10: alpha | E10: 0.05
A11: Obligasi | B11: Total hari | C11: n (violation) | D11: Pembilang | E11: Penyebut | F11: LR | G11: Status
A12: FR0064&FR0072 | B12: 618 | C12: =COUNTIF(VaR!AB3:AB620, ">" & VaR!S117) -> 29 | D12: =((1 - $E$10)^($C$10 - C12)) * ($E$10^C12) -> 1.4103719e-51 | E12: =((1 - (C12 / $C$10))^($C$10 - C12)) * ((C12 / $C$10)^C12) -> 1.5016647e-51 | F12: =-2*LN(D12/E12) -> 0.12544172 | G12: =IF( F12< 3.84, "Model Akurat (Diterima)", "Model Gagal (Ditolak)") -> Model Akurat (Diterima)
A13: FR0064&FR0097 | B13: 618 | C13: =COUNTIF(VaR!AC3:AC620, ">" & VaR!S118) -> 28 | D13: =((1 - $E$10)^($C$10 - C13)) * ($E$10^C13) -> 2.6797066e-50 | E13: =((1 - (C13 / $C$10))^($C$10 - C13)) * ((C13 / $C$10)^C13) -> 3.1062338e-50 | F13: =-2*LN(D13/E13) -> 0.29540739 | G13: =IF( F13< 3.84, "Model Akurat (Diterima)", "Model Gagal (Ditolak)") -> Model Akurat (Diterima)
A14: FR0064&FR00102 | B14: 618 | C14: =COUNTIF(VaR!AD3:AD620, ">" & VaR!S119) -> 26 | D14: =((1 - $E$10)^($C$10 - C14)) * ($E$10^C14) -> 9.6737407e-48 | E14: =((1 - (C14 / $C$10))^($C$10 - C14)) * ((C14 / $C$10)^C14) -> 1.488949e-47 | F14: =-2*LN(D14/E14) -> 0.86248104 | G14: =IF( F14< 3.84, "Model Akurat (Diterima)", "Model Gagal (Ditolak)") -> Model Akurat (Diterima)
A15: FR0072&FR0097 | B15: 618 | C15: =COUNTIF(VaR!AE3:AE620, ">" & VaR!S120) -> 24 | D15: =((1 - $E$10)^($C$10 - C15)) * ($E$10^C15) -> 3.4922204e-45 | E15: =((1 - (C15 / $C$10))^($C$10 - C15)) * ((C15 / $C$10)^C15) -> 8.3818622e-45 | F15: =-2*LN(D15/E15) -> 1.7510647 | G15: =IF( F15< 3.84, "Model Akurat (Diterima)", "Model Gagal (Ditolak)") -> Model Akurat (Diterima)
A16: FR0072&FR00102 | B16: 618 | C16: =COUNTIF(VaR!AF3:AF620, ">" & VaR!S121) -> 23 | D16: =((1 - $E$10)^($C$10 - C16)) * ($E$10^C16) -> 6.6352188e-44 | E16: =((1 - (C16 / $C$10))^($C$10 - C16)) * ((C16 / $C$10)^C16) -> 2.1205926e-43 | F16: =-2*LN(D16/E16) -> 2.323778 | G16: =IF( F16< 3.84, "Model Akurat (Diterima)", "Model Gagal (Ditolak)") -> Model Akurat (Diterima)
A17: FR0097&FR00102 | B17: 618 | C17: =COUNTIF(VaR!AG3:AG620, ">" & VaR!S122) -> 25 | D17: =((1 - $E$10)^($C$10 - C17)) * ($E$10^C17) -> 1.8380107e-46 | E17: =((1 - (C17 / $C$10))^($C$10 - C17)) * ((C17 / $C$10)^C17) -> 3.4598381e-46 | F17: =-2*LN(D17/E17) -> 1.2650759 | G17: =IF( F17< 3.84, "Model Akurat (Diterima)", "Model Gagal (Ditolak)") -> Model Akurat (Diterima)

Sheet Simulasi Obligasi (Opsi)
A1: Obligasi | B1: FR0100 | C1: FR0072 | D1: FR0097 | E1: FR00102
A2: Coupon | B2: 0.06625 | C2: 0.0825 | D2: 0.07125 | E2: 0.07375
A3: Periode Pemberian | B3: 2 | C3: 2 | D3: 2 | E3: 2
A4: Yield Bid | B4: 0.0711 | C4: 0.0697 | D4: 0.0697 | E4: 0.0706
A5: Harga Beli | B5: 0.995 | C5: 1.091 | D5: 1.021 | E5: 0.9775
A6: Dikeluarkan | B6: 45162 | C6: 42194 | D6: 44792 | E6: 45296
A7: Jatuh Tempo | B7: 48990 | C7: 49810 | D7: 52397 | E7: 56445
A8: Harga (FV) | B8: 1000000 | C8: 1000000 | D8: 1000000 | E8: 1000000
A9: Sisa Tenor | B9: 7.7 | C9: 10 | D9: 17.1 | E9: 28.2
A10: Harga (PV) | B10: =B8*B5 -> 995000 | C10: =C8*C5 -> 1091000 | D10: 1021000 | E10: 977500
A11: YTM | B11: 0.0671 | C11: 0.0679 | D11: 0.0691 | E11: 0.0692
A14: FR00100 | G14: FR0072 | M14: FR0097 | S14: FR00102
A15: Kupon p.a | B15: =B2*B8 -> 66250 | G15: Kupon p.a | H15: =C8*C2 -> 82500 | M15: Kupon p.a | N15: =D2*D8 -> 71250 | S15: Kupon p.a | T15: =E2*E8 -> 73750
A16: Kupon tiap periode | B16: =B15/2 -> 33125 | G16: Kupon tiap periode | H16: =H15/2 -> 41250 | M16: Kupon tiap periode | N16: =N15/2 -> 35625 | S16: Kupon tiap periode | T16: =T15/2 -> 36875
A17: YTM periode | B17: =B11/2 -> 0.03355 | G17: YTM periode | H17: =C11/2 -> 0.03395 | M17: YTM periode | N17: =D11/2 -> 0.03455 | S17: YTM periode | T17: =E11/2 -> 0.0346
A18: Sisa periode | B18: =B9 -> 7.7 | G18: Sisa periode | H18: =C9 -> 10 | M18: Sisa periode | N18: =D9 -> 17.1 | S18: Sisa periode | T18: =E9 -> 28.2
A19: Jumlah Pembayaran | B19: =B18*2 -> 15.4 | G19: Jumlah Pembayaran | H19: =H18*2 -> 20 | M19: Jumlah Pembayaran | N19: =N18*2 -> 34.2 | S19: Jumlah Pembayaran | T19: =T18*2 -> 56.4
A22: Periode (t) | B22: Cash Flow | C22: PV | D22: Total | G22: Periode (t) | H22: Cash Flow | I22: PV | J22: Total | M22: Periode (t) | N22: Cash Flow | O22: PV | P22: Total | S22: Periode (t) | T22: Cash Flow | U22: PV | V22: Total
A23: 1 | B23: =$B$16 -> 33125 | C23: =B23/((1+$B$17)^A23) -> 32049.732 | D23: =A23*C23 -> 32049.732 | G23: 1 | H23: =$H$16 -> 41250 | I23: =H23/(1+$H$17)^G23 -> 39895.546 | J23: =G23*I23 -> 39895.546 | M23: 1 | N23: =N16 -> 35625 | O23: =N23/(1+$N$17)^M23 -> 34435.262 | P23: =O23*M23 -> 34435.262 | S23: 1 | T23: =T16 -> 36875 | U23: =T23/(1+$T$17)^S23 -> 35641.794 | V23: =U23*S23 -> 35641.794
A24: 2 | B24: =$B$16 -> 33125 | C24: =B24/((1+$B$17)^A24) -> 31009.367 | D24: =A24*C24 -> 62018.734 | G24: 2 | H24: =$H$16 -> 41250 | I24: =H24/(1+$H$17)^G24 -> 38585.566 | J24: =G24*I24 -> 77171.132 | M24: 2 | N24: =$N$23 -> 35625 | O24: =N24/(1+$N$17)^M24 -> 33285.256 | P24: =O24*M24 -> 66570.512 | S24: 2 | T24: =$T$23 -> 36875 | U24: =T24/(1+$T$17)^S24 -> 34449.83 | V24: =U24*S24 -> 68899.66
A25: 3 | B25: =$B$16 -> 33125 | C25: =B25/((1+$B$17)^A25) -> 30002.774 | D25: =A25*C25 -> 90008.322 | G25: 3 | H25: =$H$16 -> 41250 | I25: =H25/(1+$H$17)^G25 -> 37318.6 | J25: =G25*I25 -> 111955.8 | M25: 3 | N25: =$N$23 -> 35625 | O25: =N25/(1+$N$17)^M25 -> 32173.656 | P25: =O25*M25 -> 96520.969 | S25: 3 | T25: =$T$23 -> 36875 | U25: =T25/(1+$T$17)^S25 -> 33297.728 | V25: =U25*S25 -> 99893.185
A26: 4 | B26: =$B$16 -> 33125 | C26: =B26/((1+$B$17)^A26) -> 29028.856 | D26: =A26*C26 -> 116115.42 | G26: 4 | H26: =$H$16 -> 41250 | I26: =H26/(1+$H$17)^G26 -> 36093.234 | J26: =G26*I26 -> 144372.94 | M26: 4 | N26: =$N$23 -> 35625 | O26: =N26/(1+$N$17)^M26 -> 31099.18 | P26: =O26*M26 -> 124396.72 | S26: 4 | T26: =$T$23 -> 36875 | U26: =T26/(1+$T$17)^S26 -> 32184.157 | V26: =U26*S26 -> 128736.63
A27: 5 | B27: =$B$16 -> 33125 | C27: =B27/((1+$B$17)^A27) -> 28086.552 | D27: =A27*C27 -> 140432.76 | G27: 5 | H27: =$H$16 -> 41250 | I27: =H27/(1+$H$17)^G27 -> 34908.104 | J27: =G27*I27 -> 174540.52 | M27: 5 | N27: =$N$23 -> 35625 | O27: =N27/(1+$N$17)^M27 -> 30060.586 | P27: =O27*M27 -> 150302.93 | S27: 5 | T27: =$T$23 -> 36875 | U27: =T27/(1+$T$17)^S27 -> 31107.826 | V27: =U27*S27 -> 155539.13
A28: 6 | B28: =$B$16 -> 33125 | C28: =B28/((1+$B$17)^A28) -> 27174.836 | D28: =A28*C28 -> 163049.02 | G28: 6 | H28: =$H$16 -> 41250 | I28: =H28/(1+$H$17)^G28 -> 33761.888 | J28: =G28*I28 -> 202571.33 | M28: 6 | N28: =$N$23 -> 35625 | O28: =N28/(1+$N$17)^M28 -> 29056.678 | P28: =O28*M28 -> 174340.07 | S28: 6 | T28: =$T$23 -> 36875 | U28: =T28/(1+$T$17)^S28 -> 30067.491 | V28: =U28*S28 -> 180404.94
A29: 7 | B29: =$B$16 -> 33125 | C29: =B29/((1+$B$17)^A29) -> 26292.716 | D29: =A29*C29 -> 184049.01 | G29: 7 | H29: =$H$16 -> 41250 | I29: =H29/(1+$H$17)^G29 -> 32653.308 | J29: =G29*I29 -> 228573.16 | M29: 7 | N29: =$N$23 -> 35625 | O29: =N29/(1+$N$17)^M29 -> 28086.297 | P29: =O29*M29 -> 196604.08 | S29: 7 | T29: =$T$23 -> 36875 | U29: =T29/(1+$T$17)^S29 -> 29061.947 | V29: =U29*S29 -> 203433.63
A30: 8 | B30: =$B$16 -> 33125 | C30: =B30/((1+$B$17)^A30) -> 25439.23 | D30: =A30*C30 -> 203513.84 | G30: 8 | H30: =$H$16 -> 41250 | I30: =H30/(1+$H$17)^G30 -> 31581.129 | J30: =G30*I30 -> 252649.03 | M30: 8 | N30: =$N$23 -> 35625 | O30: =N30/(1+$N$17)^M30 -> 27148.322 | P30: =O30*M30 -> 217186.58 | S30: 8 | T30: =$T$23 -> 36875 | U30: =T30/(1+$T$17)^S30 -> 28090.032 | V30: =U30*S30 -> 224720.26
A31: 9 | B31: =$B$16 -> 33125 | C31: =B31/((1+$B$17)^A31) -> 24613.448 | D31: =A31*C31 -> 221521.04 | G31: 9 | H31: =$H$16 -> 41250 | I31: =H31/(1+$H$17)^G31 -> 30544.155 | J31: =G31*I31 -> 274897.4 | M31: 9 | N31: =$N$23 -> 35625 | O31: =N31/(1+$N$17)^M31 -> 26241.672 | P31: =O31*M31 -> 236175.05 | S31: 9 | T31: =$T$23 -> 36875 | U31: =T31/(1+$T$17)^S31 -> 27150.621 | V31: =U31*S31 -> 244355.59
A32: 10 | B32: =$B$16 -> 33125 | C32: =B32/((1+$B$17)^A32) -> 23814.473 | D32: =A32*C32 -> 238144.73 | G32: 10 | H32: =$H$16 -> 41250 | I32: =H32/(1+$H$17)^G32 -> 29541.23 | J32: =G32*I32 -> 295412.3 | M32: 10 | N32: =$N$23 -> 35625 | O32: =N32/(1+$N$17)^M32 -> 25365.301 | P32: =O32*M32 -> 253653.01 | S32: 10 | T32: =$T$23 -> 36875 | U32: =T32/(1+$T$17)^S32 -> 26242.626 | V32: =U32*S32 -> 262426.26
A33: 11 | B33: =$B$16 -> 33125 | C33: =B33/((1+$B$17)^A33) -> 23041.433 | D33: =A33*C33 -> 253455.76 | G33: 11 | H33: =$H$16 -> 41250 | I33: =H33/(1+$H$17)^G33 -> 28571.237 | J33: =G33*I33 -> 314283.6 | M33: 11 | N33: =$N$23 -> 35625 | O33: =N33/(1+$N$17)^M33 -> 24518.197 | P33: =O33*M33 -> 269700.17 | S33: 11 | T33: =$T$23 -> 36875 | U33: =T33/(1+$T$17)^S33 -> 25364.997 | V33: =U33*S33 -> 279014.97
A34: 12 | B34: =$B$16 -> 33125 | C34: =B34/((1+$B$17)^A34) -> 22293.486 | D34: =A34*C34 -> 267521.84 | G34: 12 | H34: =$H$16 -> 41250 | I34: =H34/(1+$H$17)^G34 -> 27633.093 | J34: =G34*I34 -> 331597.12 | M34: 12 | N34: =$N$23 -> 35625 | O34: =N34/(1+$N$17)^M34 -> 23699.384 | P34: =O34*M34 -> 284392.6 | S34: 12 | T34: =$T$23 -> 36875 | U34: =T34/(1+$T$17)^S34 -> 24516.718 | V34: =U34*S34 -> 294200.62
A35: 13 | B35: =$B$16 -> 33125 | C35: =B35/((1+$B$17)^A35) -> 21569.819 | D35: =A35*C35 -> 280407.65 | G35: 13 | H35: =$H$16 -> 41250 | I35: =H35/(1+$H$17)^G35 -> 26725.754 | J35: =G35*I35 -> 347434.8 | M35: 13 | N35: =$N$23 -> 35625 | O35: =N35/(1+$N$17)^M35 -> 22907.915 | P35: =O35*M35 -> 297802.9 | S35: 13 | T35: =$T$23 -> 36875 | U35: =T35/(1+$T$17)^S35 -> 23696.809 | V35: =U35*S35 -> 308058.52
... A37: 15 | B37: =$B$16 -> 33125 | C37: =B37/((1+$B$17)^A37) -> 20192.194 | D37: =A37*C37 -> 302882.91 | G37: 15 | H37: =$H$16 -> 41250 | I37: =H37/(1+$H$17)^G37 -> 24999.475 | J37: =G37*I37 -> 374992.13 | M37: 15 | N37: =$N$23 -> 35625 | O37: =N37/(1+$N$17)^M37 -> 21403.392 | P37: =O37*M37 -> 321050.87 | S37: 15 | T37: =$T$23 -> 36875 | U37: =T37/(1+$T$17)^S37 -> 22138.333 | V37: =U37*S37 -> 332075
A38: 15.4 | B38: =$B$16+B8 -> 1033125 | C38: =B38/((1+$B$17)^A38) -> 621509.69 | D38: =A38*C38 -> 9571249.2 | G38: 16 | H38: =$H$16 -> 41250 | I38: =H38/(1+$H$17)^G38 -> 24178.611 | J38: =G38*I38 -> 386857.78 | M38: 16 | N38: =$N$23 -> 35625 | O38: =N38/(1+$N$17)^M38 -> 20688.6 | P38: =O38*M38 -> 331017.61 | S38: 16 | T38: =$T$23 -> 36875 | U38: =T38/(1+$T$17)^S38 -> 21397.964 | V38: =U38*S38 -> 342367.42
C39: =SUM(C23:C38) -> 1006988.3 | D39: =SUM(D23:D38) -> 12418595 | G39: 17 | H39: =$H$16 -> 41250 | I39: =H39/(1+$H$17)^G39 -> 23384.701 | J39: =G39*I39 -> 397539.91 | M39: 17 | N39: =$N$23 -> 35625 | O39: =N39/(1+$N$17)^M39 -> 19997.681 | P39: =O39*M39 -> 339960.57 | S39: 17 | T39: =$T$23 -> 36875 | U39: =T39/(1+$T$17)^S39 -> 20682.354 | V39: =U39*S39 -> 351600.02
C40: Durasi | D40: =D39/C39 -> 12.332413 | G40: 18 | H40: =$H$16 -> 41250 | I40: =H40/(1+$H$17)^G40 -> 22616.858 | J40: =G40*I40 -> 407103.45 | M40: 18 | N40: =$N$23 -> 35625 | O40: =N40/(1+$N$17)^M40 -> 19329.835 | P40: =O40*M40 -> 347937.03 | S40: 18 | T40: =$T$23 -> 36875 | U40: =T40/(1+$T$17)^S40 -> 19990.677 | V40: =U40*S40 -> 359832.18
D41: =D40/2 -> 6.1662065 | G41: 19 | H41: =$H$16 -> 41250 | I41: =H41/(1+$H$17)^G41 -> 21874.228 | J41: =G41*I41 -> 415610.34 | M41: 19 | N41: =$N$23 -> 35625 | O41: =N41/(1+$N$17)^M41 -> 18684.292 | P41: =O41*M41 -> 355001.56 | S41: 19 | T41: =$T$23 -> 36875 | U41: =T41/(1+$T$17)^S41 -> 19322.131 | V41: =U41*S41 -> 367120.49
D42: =1+(B11/B3) -> 1.03355 | G42: 20 | H42: =$H$16+C8 -> 1041250 | I42: =H42/(1+$H$17)^G42 -> 534028.29 | J42: =G42*I42 -> 10680566 | M42: 20 | N42: =$N$23 -> 35625 | O42: =N42/(1+$N$17)^M42 -> 18060.309 | P42: =O42*M42 -> 361206.18 | S42: 20 | T42: =$T$23 -> 36875 | U42: =T42/(1+$T$17)^S42 -> 18675.943 | V42: =U42*S42 -> 373518.87
D43: =D41/D42 -> 5.9660457 | I43: =SUM(I23:I42) -> 1104743.2 | J43: =SUM(J23:J42) -> 15819899 | M43: 21 | N43: =$N$23 -> 35625 | O43: =N43/(1+$N$17)^M43 -> 17457.164 | P43: =O43*M43 -> 366600.44 | S43: 21 | T43: =$T$23 -> 36875 | U43: =T43/(1+$T$17)^S43 -> 18051.366 | V43: =U43*S43 -> 379078.69
I44: Durasi | J44: =J43/I43 -> 14.319978 | M44: 22 | N44: =$N$23 -> 35625 | O44: =N44/(1+$N$17)^M44 -> 16874.162 | P44: =O44*M44 -> 371231.55 | S44: 22 | T44: =$T$23 -> 36875 | U44: =T44/(1+$T$17)^S44 -> 17447.676 | V44: =U44*S44 -> 383848.88
A45: Pembobotan | J45: =J44/2 -> 7.1599892 | M45: 23 | N45: =$N$23 -> 35625 | O45: =N45/(1+$N$17)^M45 -> 16310.629 | P45: =O45*M45 -> 375144.47 | S45: 23 | T45: =$T$23 -> 36875 | U45: =T45/(1+$T$17)^S45 -> 16864.176 | V45: =U45*S45 -> 387876.05
J46: =1+(C11/C3) -> 1.03395 | M46: 24 | N46: =$N$23 -> 35625 | O46: =N46/(1+$N$17)^M46 -> 15765.917 | P46: =O46*M46 -> 378382 | S46: 24 | T46: =$T$23 -> 36875 | U46: =T46/(1+$T$17)^S46 -> 16300.189 | V46: =U46*S46 -> 391204.55
A47: Obligasi | B47: Dp | C47: w1 | D47: w2 | E47: Total | J47: =J45/J46 -> 6.9248892 | M47: 25 | N47: =$N$23 -> 35625 | O47: =N47/(1+$N$17)^M47 -> 15239.396 | P47: =O47*M47 -> 380984.89 | S47: 25 | T47: =$T$23 -> 36875 | U47: =T47/(1+$T$17)^S47 -> 15755.064 | V47: =U47*S47 -> 393876.6
A48: FR0100&FR0072 | B48: 6 | C48: =1-D48 -> 0.96458825 | D48: =(D43-B48)/(D43-J47) -> 0.03541175 | E48: =C48+D48 -> 1 | M48: 26 | N48: =$N$23 -> 35625 | O48: =N48/(1+$N$17)^M48 -> 14730.458 | P48: =O48*M48 -> 382991.92 | S48: 26 | T48: =$T$23 -> 36875 | U48: =T48/(1+$T$17)^S48 -> 15228.17 | V48: =U48*S48 -> 395932.41
A49: FR0100&FR0097 | B49: 6 | C49: =1-D49 -> 0.99146201 | D49: =(D43-B49)/(D43-P62) -> 0.0085379924 | E49: =C49+D49 -> 1 | M49: 27 | N49: =$N$23 -> 35625 | O49: =N49/(1+$N$17)^M49 -> 14238.518 | P49: =O49*M49 -> 384439.98 | S49: 27 | T49: =$T$23 -> 36875 | U49: =T49/(1+$T$17)^S49 -> 14718.896 | V49: =U49*S49 -> 397410.18
A50: FR0100&FR00102 | B50: 6 | C50: =1-D50 -> 0.99445387 | D50: =(D43-B50)/(D43-V82) -> 0.0055461319 | E50: =C50+D50 -> 1 | M50: 28 | N50: =$N$23 -> 35625 | O50: =N50/(1+$N$17)^M50 -> 13763.006 | P50: =O50*M50 -> 385364.16 | S50: 28 | T50: =$T$23 -> 36875 | U50: =T50/(1+$T$17)^S50 -> 14226.654 | V50: =U50*S50 -> 398346.3
A51: FR0072&FR0097 | B51: 7 | C51: =1-D51 -> 0.97511246 | D51: =(J47-B51)/(J47-P62) -> 0.024887541 | E51: =D51+C51 -> 1 | M51: 29 | N51: =$N$23 -> 35625 | O51: =N51/(1+$N$17)^M51 -> 13303.374 | P51: =O51*M51 -> 385797.85 | S51: 29 | T51: =$T$23 -> 36875 | U51: =T51/(1+$T$17)^S51 -> 13750.873 | V51: =U51*S51 -> 398775.33
A52: FR0072&FR00102 | B52: 7 | C52: =1-D52 -> 0.985453 | D52: =(J47-B52)/(J47-V82) -> 0.014546996 | E52: =C52+D52 -> 1 | M52: 30 | N52: =$N$23 -> 35625 | O52: =N52/(1+$N$17)^M52 -> 12859.093 | P52: =O52*M52 -> 385772.78 | S52: 30 | T52: =$T$23 -> 36875 | U52: =T52/(1+$T$17)^S52 -> 13291.005 | V52: =U52*S52 -> 398730.14
A53: FR0097&FR00102 | B53: 10 | C53: =1-D53 -> 0.97338251 | D53: =(P62-B53)/(P62-V82) -> 0.026617489 | E53: =C53+D53 -> 1 | M53: 31 | N53: =$N$23 -> 35625 | O53: =N53/(1+$N$17)^M53 -> 12429.648 | P53: =O53*M53 -> 385319.09 | S53: 31 | T53: =$T$23 -> 36875 | U53: =T53/(1+$T$17)^S53 -> 12846.515 | V53: =U53*S53 -> 398241.97
A54: Jumlah | B54: 200000000 | M54: 32 | N54: =$N$23 -> 35625 | O54: =N54/(1+$N$17)^M54 -> 12014.546 | P54: =O54*M54 -> 384465.46 | S54: 32 | T54: =$T$23 -> 36875 | U54: =T54/(1+$T$17)^S54 -> 12416.891 | V54: =U54*S54 -> 397340.5
A55: waktu | B55: 8 | M55: 33 | N55: =$N$23 -> 35625 | O55: =N55/(1+$N$17)^M55 -> 11613.306 | P55: =O55*M55 -> 383239.1 | S55: 33 | T55: =$T$23 -> 36875 | U55: =T55/(1+$T$17)^S55 -> 12001.634 | V55: =U55*S55 -> 396053.93
A56: YTM FR0100 | B56: =B11 -> 0.0671 | F56: Ketentuan | M56: 34 | N56: =$N$23 -> 35625 | O56: =N56/(1+$N$17)^M56 -> 11225.466 | P56: =O56*M56 -> 381665.85 | S56: 34 | T56: =$T$23 -> 36875 | U56: =T56/(1+$T$17)^S56 -> 11600.265 | V56: =U56*S56 -> 394409.01
A57: YTM FR0072 | B57: =C11 -> 0.0679 | F57: Jumlah | G57: =B54 -> 200000000 | M57: 34.2 | N57: =N56+1000000 -> 1035625 | O57: =N57/(1+$N$17)^M57 -> 324116.95 | P57: =O57*M57 -> 11084800 | S57: 35 | T57: =$T$23 -> 36875 | U57: =T57/(1+$T$17)^S57 -> 11212.319 | V57: =U57*S57 -> 392431.16
A58: YTM FR0097 | B58: =D11 -> 0.0691 | F58: Waktu | G58: =B55 -> 8 | O58: =SUM(O23:O57) -> 1030326.3 | P58: =SUM(P23:P57) -> 21184454 | S58: 36 | T58: =$T$23 -> 36875 | U58: =T58/(1+$T$17)^S58 -> 10837.347 | V58: =U58*S58 -> 390144.48
A59: YTM FR0102 | B59: =E11 -> 0.0692 | F59: YTM FR0064 | G59: =B56 -> 0.0671 | O59: Durasi | P59: =P58/O58 -> 20.560917 | S59: 37 | T59: =$T$23 -> 36875 | U59: =T59/(1+$T$17)^S59 -> 10474.915 | V59: =U59*S59 -> 387571.84
F60: YTM FR0072 | G60: =B57 -> 0.0679 | P60: =P59/2 -> 10.280459 | S60: 38 | T60: =$T$23 -> 36875 | U60: =T60/(1+$T$17)^S60 -> 10124.603 | V60: =U60*S60 -> 384734.92
F61: YTM FR0097 | G61: =B58 -> 0.0691 | P61: =1+(C11/C3) -> 1.03395 | S61: 39 | T61: =$T$23 -> 36875 | U61: =T61/(1+$T$17)^S61 -> 9786.0074 | V61: =U61*S61 -> 381654.29
F62: YTM FR0102 | G62: =B59 -> 0.0692 | P62: =P60/P61 -> 9.9428972 | S62: 40 | T62: =$T$23 -> 36875 | U62: =T62/(1+$T$17)^S62 -> 9458.7352 | V62: =U62*S62 -> 378349.41
S63: 41 | T63: =$T$23 -> 36875 | U63: =T63/(1+$T$17)^S63 -> 9142.4079 | V63: =U63*S63 -> 374838.72
A64: Simulasi Obligasi | S64: 42 | T64: =$T$23 -> 36875 | U64: =T64/(1+$T$17)^S64 -> 8836.6594 | V64: =U64*S64 -> 371139.7
A65: Koombinasi | B65: Alokasi Dana Obligasi 1 | C65: Alokasi Dana Obligasi 2 | D65: Total | S65: 43 | T65: =$T$23 -> 36875 | U65: =T65/(1+$T$17)^S65 -> 8541.1361 | V65: =U65*S65 -> 367268.85
A66: FR0100&FR0072 | B66: =C48*$B$54 -> 1.9291765e+08 | C66: =D48*$B$54 -> 7082350.1 | D66: =C66+B66 -> 2e+08 | S66: 44 | T66: =$T$23 -> 36875 | U66: =T66/(1+$T$17)^S66 -> 8255.496 | V66: =U66*S66 -> 363241.82
A67: FR0100&FR0097 | B67: =C49*$B$54 -> 1.982924e+08 | C67: =D49*$B$54 -> 1707598.5 | D67: =C67+B67 -> 200000000 | S67: 45 | T67: =$T$23 -> 36875 | U67: =T67/(1+$T$17)^S67 -> 7979.4084 | V67: =U67*S67 -> 359073.38
A68: FR0100&FR00102 | B68: =C50*$B$54 -> 1.9889077e+08 | C68: =D50*$B$54 -> 1109226.4 | D68: =C68+B68 -> 200000000 | S68: 46 | T68: =$T$23 -> 36875 | U68: =T68/(1+$T$17)^S68 -> 7712.5541 | V68: =U68*S68 -> 354777.49
A69: FR0072&FR0097 | B69: =C51*$B$54 -> 1.9502249e+08 | C69: =D51*$B$54 -> 4977508.2 | D69: =C69+B69 -> 200000000 | S69: 47 | T69: =$T$23 -> 36875 | U69: =T69/(1+$T$17)^S69 -> 7454.6241 | V69: =U69*S69 -> 350367.33
A70: FR0072&FR00102 | B70: =C52*$B$54 -> 1.970906e+08 | C70: =D52*$B$54 -> 2909399.2 | D70: =C70+B70 -> 200000000 | S70: 48 | T70: =$T$23 -> 36875 | U70: =T70/(1+$T$17)^S70 -> 7205.32 | V70: =U70*S70 -> 345855.36
A71: FR0097&FR00102 | B71: =C53*$B$54 -> 1.946765e+08 | C71: =D53*$B$54 -> 5323497.9 | D71: =C71+B71 -> 200000000 | S71: 49 | T71: =$T$23 -> 36875 | U71: =T71/(1+$T$17)^S71 -> 6964.3534 | V71: =U71*S71 -> 341253.32
S72: 50 | T72: =$T$23 -> 36875 | U72: =T72/(1+$T$17)^S72 -> 6731.4454 | V72: =U72*S72 -> 336572.27
S73: 51 | T73: =$T$23 -> 36875 | U73: =T73/(1+$T$17)^S73 -> 6506.3265 | V73: =U73*S73 -> 331822.65
A74: Dana yang Harus disiapkan (PV) | S74: 52 | T74: =$T$23 -> 36875 | U74: =T74/(1+$T$17)^S74 -> 6288.7362 | V74: =U74*S74 -> 327014.28
A75: Kombinasi | B75: Alokasi Dana Obligasi 1 | C75: Alokasi Dana Obligasi 2 | D75: Total | S75: 53 | T75: =$T$23 -> 36875 | U75: =T75/(1+$T$17)^S75 -> 6078.4228 | V75: =U75*S75 -> 322156.41
A76: FR0100&FR0072 | B76: =B66/(1+B56/2)^($B$55*2) -> 1.1378057e+08 | C76: =C66/(1+B57/2)^($B$55*2) -> 4151306.4 | D76: =SUM(B76:C76) -> 1.1793188e+08 | S76: 54 | T76: =$T$23 -> 36875 | U76: =T76/(1+$T$17)^S76 -> 5875.1428 | V76: =U76*S76 -> 317257.71
A77: FR0100&FR0097 | B77: =B67/(1+B56/2)^($B$55*2) -> 1.1695053e+08 | C77: =C67/(1+B58/2)^($B$55*2) -> 991658.18 | D77: =SUM(B77:C77) -> 1.1794219e+08 | S77: 54.4 | T77: =T76+1000000 -> 1036875 | U77: =T77/(1+$T$17)^S77 -> 162968.55 | V77: =U77*S77 -> 8865489.4
A78: FR0100&FR00102 | B78: =B68/(1+B56/2)^($B$55*2) -> 1.1730345e+08 | C78: =C68/(1+B59/2)^($B$55*2) -> 643666.06 | D78: =SUM(B78:C78) -> 1.1794711e+08 | U78: =SUM(U23:U77) -> 1058918.2 | V78: =SUM(V23:V77) -> 26486639
A79: FR0072&FR0097 | B79: =B69/(1+B57/2)^($B$55*2) -> 1.1431207e+08 | C79: =C69/(1+B58/2)^($B$55*2) -> 2890601.5 | D79: =SUM(B79:C79) -> 1.1720267e+08 | V79: =V78/U78 -> 25.012923
A80: FR0072&FR00102 | B80: =B70/(1+B57/2)^($B$55*2) -> 1.1552429e+08 | C80: =C70/(1+B59/2)^($B$55*2) -> 1688277.1 | D80: =SUM(B80:C80) -> 1.1721257e+08 | V80: =V79/2 -> 12.506461
A81: FR0097&FR00102 | B81: =B71/(1+B59/2)^($B$55*2) -> 1.1296761e+08 | C81: =C71/(1+B59/2)^($B$55*2) -> 3089139.3 | D81: =SUM(B81:C81) -> 1.1605675e+08 | V81: =1+(E11/E3) -> 1.0346
V82: =V80/V81 -> 12.088209
A86: Nilai investasi yang harus disiapkan Tiap tiap Obligasi
A88: FR0100&FR0072 | B88: w1 | C88: =C48 -> 0.96458825 | D88: =C88*D76 -> 1.137557e+08 | E88: =SUM(D88:D89) -> 1.1793188e+08
B89: w2 | C89: =D48 -> 0.03541175 | D89: =C89*D76 -> 4176174.1
A91: FR0100&FR0097 | B91: w1 | C91: =C49 -> 0.99146201 | D91: =C91*D77 -> 1.169352e+08 | E91: =SUM(D91:D92) -> 1.1794219e+08
B92: w2 | C92: =D49 -> 0.0085379924 | D92: =C92*D77 -> 1006989.5
A94: FR0100&FR00102 | B94: w1 | C94: =C50 -> 0.99445387 | D94: =C94*D78 -> 1.1729296e+08 | E94: =SUM(D94:D95) -> 1.1794711e+08
B95: w2 | C95: =D50 -> 0.0055461319 | D95: =C95*D78 -> 654150.25
A97: FR0072&FR0097 | B97: w1 | C97: =C50 -> 0.99445387 | D97: =C97*D79 -> 1.1655265e+08 | E97: =SUM(D97:D98) -> 1.1720267e+08
B98: w2 | C98: =D50 -> 0.0055461319 | D98: =C98*D79 -> 650021.5
A100: FR0072&FR00102 | B100: w1 | C100: =C51 -> 0.97511246 | D100: =C100*D80 -> 1.1429544e+08 | E100: =SUM(D100:D101) -> 1.1721257e+08
B101: w2 | C101: =D51 -> 0.024887541 | D101: =C101*D80 -> 2917132.6
A103: FR0097&FR00102 | B103: w1 | C103: =C53 -> 0.97338251 | D103: =C103*D81 -> 1.1296761e+08 | E103: =SUM(D103:D104) -> 1.1605675e+08
B104: w2 | C104: =D53 -> 0.026617489 | D104: =C104*D81 -> 3089139.3
A107: Pembelian Lembar saham
A110: FR0100&FR0072 | B110: FR0100 | C110: =B5 -> 0.995 | D110: 1000000 | E110: =C110*D110 -> 995000 | F110: =_xlfn.CEILING.MATH(D88/E110) -> 115
B111: FR0072 | C111: =C5 -> 1.091 | D111: 1000000 | E111: =C111*D111 -> 1091000 | F111: =_xlfn.CEILING.MATH(D89/E111) -> 4
A113: FR0100&FR0097 | B113: FR0100 | C113: =B5 -> 0.995 | D113: 1000000 | E113: =C113*D113 -> 995000 | F113: =_xlfn.CEILING.MATH(D91/E113) -> 118
B114: FR0097 | C114: =D5 -> 1.021 | D114: 1000000 | E114: =C114*D114 -> 1021000 | F114: =_xlfn.CEILING.MATH(D92/E114) -> 1
A116: FR0100&FR00102 | B116: FR0100 | C116: =B5 -> 0.995 | D116: 1000000 | E116: =C116*D116 -> 995000 | F116: =_xlfn.CEILING.MATH(D94/E116) -> 118
B117: FR0102 | C117: =E5 -> 0.9775 | D117: 1000000 | E117: =C117*D117 -> 977500 | F117: =_xlfn.CEILING.MATH(D95/E117) -> 1
A119: FR0072&FR0097 | B119: FR0072 | C119: =C5 -> 1.091 | D119: 1000000 | E119: =D119*C119 -> 1091000 | F119: =_xlfn.CEILING.MATH(D97/E119) -> 107
B120: FR0097 | C120: =D5 -> 1.021 | D120: 1000000 | E120: =D120*C120 -> 1021000 | F120: =_xlfn.CEILING.MATH(D98/E120) -> 1
A122: FR0072&FR00102 | B122: FR0072 | C122: =C5 -> 1.091 | D122: 1000000 | E122: =D122*C122 -> 1091000 | F122: =_xlfn.CEILING.MATH(D100/E122) -> 105
...
